/*
 Navicat Premium Data Transfer

 Source Server         : 本地mysql
 Source Server Type    : MySQL
 Source Server Version : 50739
 Source Host           : localhost:3306
 Source Schema         : wms

 Target Server Type    : MySQL
 Target Server Version : 50739
 File Encoding         : 65001

 Date: 12/02/2023 14:19:09
*/

SET NAMES utf8mb4;
SET FOREIGN_KEY_CHECKS = 0;

-- ----------------------------
-- Table structure for goods
-- ----------------------------
DROP TABLE IF EXISTS `goods`;
CREATE TABLE `goods`  (
  `id` int(11) NOT NULL AUTO_INCREMENT COMMENT '主键',
  `name` varchar(100) CHARACTER SET utf8 COLLATE utf8_general_ci NOT NULL COMMENT '货名',
  `storage` int(11) NOT NULL COMMENT '仓库',
  `goodsType` int(11) NOT NULL COMMENT '分类',
  `count` int(11) NULL DEFAULT NULL COMMENT '数量',
  `remark` varchar(1000) CHARACTER SET utf8 COLLATE utf8_general_ci NULL DEFAULT NULL COMMENT '备注',
  `is_disabled` int(11) NOT NULL COMMENT '是否冻结{0:激活；1:冻结}',
  `create_date` datetime(6) NULL DEFAULT NULL,
  `update_date` datetime(6) NULL DEFAULT NULL,
  PRIMARY KEY (`id`) USING BTREE
) ENGINE = InnoDB AUTO_INCREMENT = 111 CHARACTER SET = utf8 COLLATE = utf8_general_ci ROW_FORMAT = Dynamic;

-- ----------------------------
-- Records of goods
-- ----------------------------
INSERT INTO `goods` VALUES (103, '集成电力驱动总成', 33, 7, 7000, '', 0, '2023-01-06 09:48:18.635795', '2023-01-06 09:48:35.108670');
INSERT INTO `goods` VALUES (104, 'iPhone14 pro max 冷锋蓝 512G', 31, 6, 570, '加油华为', 1, '2023-01-06 09:50:47.750486', '2023-01-06 10:12:58.382603');
INSERT INTO `goods` VALUES (105, '扫帚', 32, 8, 200, '', 0, '2023-01-06 09:51:53.819106', '2023-01-06 09:51:53.819106');
INSERT INTO `goods` VALUES (106, '胜利大鬼斩', 34, 9, 300, '', 0, '2023-01-06 09:53:09.588703', '2023-01-06 09:53:09.588703');
INSERT INTO `goods` VALUES (107, '胜利小鬼斩', 34, 9, 349, '', 0, '2023-01-06 09:53:37.252013', '2023-01-06 09:53:37.252013');
INSERT INTO `goods` VALUES (108, '李宁风刃500', 34, 9, 529, '', 0, '2023-01-06 09:54:13.883511', '2023-01-06 09:54:13.883511');
INSERT INTO `goods` VALUES (109, 'N95口罩', 33, 10, 766, '', 0, '2023-01-06 10:11:19.324205', '2023-01-06 10:11:19.324205');
INSERT INTO `goods` VALUES (110, '水银体温计', 33, 10, 2320, '', 0, '2023-01-06 10:12:23.177742', '2023-01-06 10:12:23.177742');

-- ----------------------------
-- Table structure for goodstype
-- ----------------------------
DROP TABLE IF EXISTS `goodstype`;
CREATE TABLE `goodstype`  (
  `id` int(11) NOT NULL AUTO_INCREMENT COMMENT '主键',
  `name` varchar(100) CHARACTER SET utf8 COLLATE utf8_general_ci NOT NULL COMMENT '分类名',
  `remark` varchar(1000) CHARACTER SET utf8 COLLATE utf8_general_ci NULL DEFAULT NULL COMMENT '备注',
  `create_date` datetime NULL DEFAULT NULL,
  `update_date` datetime NULL DEFAULT NULL,
  PRIMARY KEY (`id`) USING BTREE
) ENGINE = InnoDB AUTO_INCREMENT = 11 CHARACTER SET = utf8 COLLATE = utf8_general_ci ROW_FORMAT = Dynamic;

-- ----------------------------
-- Records of goodstype
-- ----------------------------
INSERT INTO `goodstype` VALUES (6, '电子产品', '手机等', '2023-01-06 09:42:55', '2023-01-12 14:32:52');
INSERT INTO `goodstype` VALUES (7, '汽车零部件', '线束，车门，天窗等\n', '2023-01-06 09:43:03', '2023-01-12 14:33:11');
INSERT INTO `goodstype` VALUES (8, '清洁用品', '扫帚', '2023-01-06 09:43:14', '2023-01-12 14:33:23');
INSERT INTO `goodstype` VALUES (9, '体育用品', '羽毛球拍等', '2023-01-06 09:43:42', '2023-01-12 14:33:45');
INSERT INTO `goodstype` VALUES (10, '防疫物资', '口罩，消毒液，药物等', '2023-01-06 10:10:33', '2023-01-12 14:34:01');

-- ----------------------------
-- Table structure for menu
-- ----------------------------
DROP TABLE IF EXISTS `menu`;
CREATE TABLE `menu`  (
  `id` int(11) NOT NULL,
  `menuCode` varchar(8) CHARACTER SET utf8 COLLATE utf8_general_ci NULL DEFAULT NULL COMMENT '菜单编码',
  `menuName` varchar(16) CHARACTER SET utf8 COLLATE utf8_general_ci NULL DEFAULT NULL COMMENT '菜单名字',
  `menuLevel` varchar(2) CHARACTER SET utf8 COLLATE utf8_general_ci NULL DEFAULT NULL COMMENT '菜单级别',
  `menuParentCode` varchar(8) CHARACTER SET utf8 COLLATE utf8_general_ci NULL DEFAULT NULL COMMENT '菜单的父code',
  `menuClick` varchar(16) CHARACTER SET utf8 COLLATE utf8_general_ci NULL DEFAULT NULL COMMENT '点击触发的函数',
  `menuRight` varchar(8) CHARACTER SET utf8 COLLATE utf8_general_ci NULL DEFAULT NULL COMMENT '权限 0超级管理员，1表示管理员，2表示普通用户，可以用逗号组合使用',
  `menuComponent` varchar(200) CHARACTER SET utf8 COLLATE utf8_general_ci NULL DEFAULT NULL,
  `menuIcon` varchar(100) CHARACTER SET utf8 COLLATE utf8_general_ci NULL DEFAULT NULL,
  PRIMARY KEY (`id`) USING BTREE
) ENGINE = InnoDB CHARACTER SET = utf8 COLLATE = utf8_general_ci ROW_FORMAT = Dynamic;

-- ----------------------------
-- Records of menu
-- ----------------------------
INSERT INTO `menu` VALUES (1, '001', '管理员管理', '1', NULL, 'Admin', '0', 'admin/AdminManage', 'el-icon-s-custom');
INSERT INTO `menu` VALUES (2, '002', '用户管理', '1', NULL, 'User', '0,1', 'user/UserManage', 'el-icon-user-solid');
INSERT INTO `menu` VALUES (3, '003', '仓库管理', '1', NULL, 'Storage', '0,1', 'storage/StorageManage', 'el-icon-office-building');
INSERT INTO `menu` VALUES (4, '004', '物品分类管理', '1', NULL, 'Goodstype', '0,1', 'goodstype/GoodstypeManage', 'el-icon-menu');
INSERT INTO `menu` VALUES (5, '005', '物品管理 ', '1', NULL, 'Goods', '0,1,2', 'goods/GoodsManage', 'el-icon-s-management');
INSERT INTO `menu` VALUES (6, '006', '出入库履历', '1', NULL, 'Record', '0,1,2', 'record/RecordManage', 'el-icon-s-order');

-- ----------------------------
-- Table structure for record
-- ----------------------------
DROP TABLE IF EXISTS `record`;
CREATE TABLE `record`  (
  `id` int(11) NOT NULL AUTO_INCREMENT COMMENT '主键',
  `goods` int(11) NOT NULL COMMENT '货品id',
  `user_id` int(11) NULL DEFAULT NULL COMMENT '取货人/补货人',
  `admin_id` int(11) NULL DEFAULT NULL COMMENT '操作人id',
  `count` int(11) NULL DEFAULT NULL COMMENT '数量',
  `remark` varchar(1000) CHARACTER SET utf8 COLLATE utf8_general_ci NULL DEFAULT NULL COMMENT '备注',
  `create_date` datetime(6) NULL DEFAULT NULL COMMENT '操作时间',
  PRIMARY KEY (`id`) USING BTREE
) ENGINE = InnoDB AUTO_INCREMENT = 446 CHARACTER SET = utf8 COLLATE = utf8_general_ci ROW_FORMAT = Dynamic;

-- ----------------------------
-- Records of record
-- ----------------------------
INSERT INTO `record` VALUES (25, 108, 750, 2, 200, '进货', '2023-01-06 09:54:53.230355');
INSERT INTO `record` VALUES (26, 107, 708, 2, 150, '进货', '2023-01-06 09:55:16.077836');
INSERT INTO `record` VALUES (27, 108, 745, 2, -5, '发货', '2023-01-06 09:55:47.938855');
INSERT INTO `record` VALUES (28, 104, 708, 2, 70, '进货', '2023-01-06 09:56:10.152479');
INSERT INTO `record` VALUES (29, 103, 713, 2, -500, '出货', '2023-01-06 09:56:29.260294');
INSERT INTO `record` VALUES (30, 110, 697, 1178, -200, '出货', '2023-01-06 10:14:31.052440');
INSERT INTO `record` VALUES (31, 109, 968, 1178, -3560, '出货', '2023-01-06 10:16:18.694040');
INSERT INTO `record` VALUES (32, 110, 1164, 2, -1, '快囤货啦', '2023-01-06 11:23:31.681908');
INSERT INTO `record` VALUES (33, 105, 710, 2, 1, '没有扫把啦，快来入货啦', '2023-01-06 11:24:19.949732');
INSERT INTO `record` VALUES (34, 107, 811, 1178, -1, '送把小鬼给小煤', '2023-01-10 11:16:59.500121');
INSERT INTO `record` VALUES (35, 108, 697, 2, -20, '俱乐部订购', '2023-01-10 15:19:47.560698');
INSERT INTO `record` VALUES (36, 110, 1, 1, 500, 'wakaka', '2023-01-11 09:29:40.162000');
INSERT INTO `record` VALUES (37, 108, 683, 2, 54, '舞王打球', '2023-01-11 09:30:27.217000');
INSERT INTO `record` VALUES (38, 105, 1, 2, 49, '补货', '2023-01-11 15:01:11.395000');
INSERT INTO `record` VALUES (39, 107, 811, 1178, -100, '送100把小鬼给小煤', '2023-01-10 11:16:59.500121');
INSERT INTO `record` VALUES (40, 107, 811, 1178, -100, '送100把小鬼给小煤', '2023-01-09 11:16:59.500121');
INSERT INTO `record` VALUES (41, 107, 811, 1178, -100, '送100把小鬼给小煤', '2023-01-09 11:16:59.500121');
INSERT INTO `record` VALUES (42, 107, 811, 1178, -100, '送100把小鬼给小煤', '2023-01-09 11:16:59.500121');
INSERT INTO `record` VALUES (43, 107, 811, 1178, -100, '送100把小鬼给小煤', '2023-01-09 11:16:59.500121');
INSERT INTO `record` VALUES (44, 107, 811, 1178, -100, '送100把小鬼给小煤', '2023-01-09 11:16:59.500121');
INSERT INTO `record` VALUES (45, 107, 811, 1178, -100, '送100把小鬼给小煤', '2023-01-09 11:16:59.500121');
INSERT INTO `record` VALUES (46, 107, 811, 1178, -100, '送100把小鬼给小煤', '2023-01-09 11:16:59.500121');
INSERT INTO `record` VALUES (47, 107, 811, 1178, -100, '送100把小鬼给小煤', '2023-01-09 11:16:59.500121');
INSERT INTO `record` VALUES (48, 107, 811, 1178, -100, '送100把小鬼给小煤', '2023-01-08 11:16:59.500121');
INSERT INTO `record` VALUES (49, 107, 811, 1178, -100, '送100把小鬼给小煤', '2023-01-08 11:16:59.500121');
INSERT INTO `record` VALUES (50, 107, 811, 1178, -100, '送100把小鬼给小煤', '2023-01-08 11:16:59.500121');
INSERT INTO `record` VALUES (51, 107, 811, 1178, -100, '送100把小鬼给小煤', '2023-01-08 11:16:59.500121');
INSERT INTO `record` VALUES (52, 107, 811, 1178, -100, '送100把小鬼给小煤', '2023-01-08 11:16:59.500121');
INSERT INTO `record` VALUES (53, 107, 811, 1178, -100, '送100把小鬼给小煤', '2023-01-08 11:16:59.500121');
INSERT INTO `record` VALUES (54, 107, 811, 1178, -100, '送100把小鬼给小煤', '2023-01-08 11:16:59.500121');
INSERT INTO `record` VALUES (55, 107, 811, 1178, -100, '送100把小鬼给小煤', '2023-01-08 11:16:59.500121');
INSERT INTO `record` VALUES (56, 107, 811, 1178, -100, '送100把小鬼给小煤', '2023-01-08 11:16:59.500121');
INSERT INTO `record` VALUES (57, 107, 811, 1178, -100, '送100把小鬼给小煤', '2023-01-08 11:16:59.500121');
INSERT INTO `record` VALUES (58, 107, 811, 1178, -100, '送100把小鬼给小煤', '2023-01-07 11:16:59.500121');
INSERT INTO `record` VALUES (59, 107, 811, 1178, -100, '送100把小鬼给小煤', '2023-01-07 11:16:59.500121');
INSERT INTO `record` VALUES (60, 107, 811, 1178, -100, '送100把小鬼给小煤', '2023-01-07 11:16:59.500121');
INSERT INTO `record` VALUES (61, 107, 811, 1178, -100, '送100把小鬼给小煤', '2023-01-07 11:16:59.500121');
INSERT INTO `record` VALUES (62, 107, 811, 1178, -100, '送100把小鬼给小煤', '2023-01-07 11:16:59.500121');
INSERT INTO `record` VALUES (63, 107, 811, 1178, -100, '送100把小鬼给小煤', '2023-01-07 11:16:59.500121');
INSERT INTO `record` VALUES (64, 107, 811, 1178, -100, '送100把小鬼给小煤', '2023-01-07 11:16:59.500121');
INSERT INTO `record` VALUES (65, 107, 811, 1178, -100, '送100把小鬼给小煤', '2023-01-07 11:16:59.500121');
INSERT INTO `record` VALUES (66, 107, 811, 1178, -100, '送100把小鬼给小煤', '2023-01-07 11:16:59.500121');
INSERT INTO `record` VALUES (67, 107, 811, 1178, -100, '送100把小鬼给小煤', '2023-01-07 11:16:59.500121');
INSERT INTO `record` VALUES (68, 107, 811, 1178, -100, '送100把小鬼给小煤', '2023-01-06 11:16:59.500121');
INSERT INTO `record` VALUES (69, 107, 811, 1178, -100, '送100把小鬼给小煤', '2023-01-06 11:16:59.500121');
INSERT INTO `record` VALUES (70, 107, 811, 1178, -100, '送100把小鬼给小煤', '2023-01-06 11:16:59.500121');
INSERT INTO `record` VALUES (71, 107, 811, 1178, -100, '送100把小鬼给小煤', '2023-01-06 11:16:59.500121');
INSERT INTO `record` VALUES (72, 107, 811, 1178, -100, '送100把小鬼给小煤', '2023-01-06 11:16:59.500121');
INSERT INTO `record` VALUES (73, 107, 811, 1178, -100, '送100把小鬼给小煤', '2023-01-06 11:16:59.500121');
INSERT INTO `record` VALUES (74, 107, 811, 1178, -100, '送100把小鬼给小煤', '2023-01-06 11:16:59.500121');
INSERT INTO `record` VALUES (75, 107, 811, 1178, -100, '送100把小鬼给小煤', '2023-01-06 11:16:59.500121');
INSERT INTO `record` VALUES (76, 107, 811, 1178, -100, '送100把小鬼给小煤', '2023-01-06 11:16:59.500121');
INSERT INTO `record` VALUES (77, 107, 811, 1178, -100, '送100把小鬼给小煤', '2023-01-06 11:16:59.500121');
INSERT INTO `record` VALUES (78, 107, 811, 1178, -100, '送100把小鬼给小煤', '2023-01-06 11:16:59.500121');
INSERT INTO `record` VALUES (79, 107, 811, 1178, -100, '送100把小鬼给小煤', '2023-01-05 11:16:59.500121');
INSERT INTO `record` VALUES (80, 107, 811, 1178, -100, '送100把小鬼给小煤', '2023-01-05 11:16:59.500121');
INSERT INTO `record` VALUES (81, 107, 811, 1178, -100, '送100把小鬼给小煤', '2023-01-05 11:16:59.500121');
INSERT INTO `record` VALUES (82, 107, 811, 1178, -100, '送100把小鬼给小煤', '2023-01-05 11:16:59.500121');
INSERT INTO `record` VALUES (83, 107, 811, 1178, -100, '送100把小鬼给小煤', '2023-01-05 11:16:59.500121');
INSERT INTO `record` VALUES (84, 107, 811, 1178, -100, '送100把小鬼给小煤', '2023-01-05 11:16:59.500121');
INSERT INTO `record` VALUES (85, 107, 811, 1178, -100, '送100把小鬼给小煤', '2023-01-05 11:16:59.500121');
INSERT INTO `record` VALUES (86, 107, 811, 1178, -100, '送100把小鬼给小煤', '2023-01-05 11:16:59.500121');
INSERT INTO `record` VALUES (87, 107, 811, 1178, -100, '送100把小鬼给小煤', '2023-01-05 11:16:59.500121');
INSERT INTO `record` VALUES (88, 107, 811, 1178, -100, '送100把小鬼给小煤', '2023-01-05 11:16:59.500121');
INSERT INTO `record` VALUES (89, 107, 811, 1178, -100, '送100把小鬼给小煤', '2023-01-05 11:16:59.500121');
INSERT INTO `record` VALUES (90, 107, 811, 1178, -100, '送100把小鬼给小煤', '2023-01-05 11:16:59.500121');
INSERT INTO `record` VALUES (91, 107, 811, 1178, -100, '送100把小鬼给小煤', '2023-01-05 11:16:59.500121');
INSERT INTO `record` VALUES (92, 107, 811, 1178, -100, '送100把小鬼给小煤', '2023-01-05 11:16:59.500121');
INSERT INTO `record` VALUES (93, 107, 811, 1178, -100, '送100把小鬼给小煤', '2023-01-05 11:16:59.500121');
INSERT INTO `record` VALUES (94, 107, 811, 1178, -100, '送100把小鬼给小煤', '2023-01-05 11:16:59.500121');
INSERT INTO `record` VALUES (95, 107, 811, 1178, -100, '送100把小鬼给小煤', '2023-01-05 11:16:59.500121');
INSERT INTO `record` VALUES (96, 107, 811, 1178, -100, '送100把小鬼给小煤', '2023-01-05 11:16:59.500121');
INSERT INTO `record` VALUES (97, 107, 811, 1178, -100, '送100把小鬼给小煤', '2023-01-06 11:16:59.500121');
INSERT INTO `record` VALUES (98, 107, 811, 1178, -100, '送100把小鬼给小煤', '2023-01-06 11:16:59.500121');
INSERT INTO `record` VALUES (99, 107, 811, 1178, -100, '送100把小鬼给小煤', '2023-01-06 11:16:59.500121');
INSERT INTO `record` VALUES (100, 107, 811, 1178, -100, '送100把小鬼给小煤', '2023-01-06 11:16:59.500121');
INSERT INTO `record` VALUES (101, 107, 811, 1178, -100, '送100把小鬼给小煤', '2023-01-06 11:16:59.500121');
INSERT INTO `record` VALUES (102, 107, 811, 1178, -100, '送100把小鬼给小煤', '2023-01-06 11:16:59.500121');
INSERT INTO `record` VALUES (103, 107, 811, 1178, -100, '送100把小鬼给小煤', '2023-01-06 11:16:59.500121');
INSERT INTO `record` VALUES (104, 107, 811, 1178, -100, '送100把小鬼给小煤', '2023-01-06 11:16:59.500121');
INSERT INTO `record` VALUES (105, 107, 811, 1178, -100, '送100把小鬼给小煤', '2023-01-06 11:16:59.500121');
INSERT INTO `record` VALUES (106, 107, 811, 1178, -100, '送100把小鬼给小煤', '2023-01-06 11:16:59.500121');
INSERT INTO `record` VALUES (107, 107, 811, 1178, -100, '送100把小鬼给小煤', '2023-01-06 11:16:59.500121');
INSERT INTO `record` VALUES (108, 107, 811, 1178, -100, '送100把小鬼给小煤', '2023-01-06 11:16:59.500121');
INSERT INTO `record` VALUES (109, 107, 811, 1178, -100, '送100把小鬼给小煤', '2023-01-06 11:16:59.500121');
INSERT INTO `record` VALUES (110, 107, 811, 1178, -100, '送100把小鬼给小煤', '2023-01-06 11:16:59.500121');
INSERT INTO `record` VALUES (111, 107, 811, 1178, -100, '送100把小鬼给小煤', '2023-01-07 11:16:59.500121');
INSERT INTO `record` VALUES (112, 107, 811, 1178, -100, '送100把小鬼给小煤', '2023-01-07 11:16:59.500121');
INSERT INTO `record` VALUES (113, 107, 811, 1178, -100, '送100把小鬼给小煤', '2023-01-07 11:16:59.500121');
INSERT INTO `record` VALUES (114, 107, 811, 1178, -100, '送100把小鬼给小煤', '2023-01-07 11:16:59.500121');
INSERT INTO `record` VALUES (115, 107, 811, 1178, -100, '送100把小鬼给小煤', '2023-01-07 11:16:59.500121');
INSERT INTO `record` VALUES (116, 107, 811, 1178, -100, '送100把小鬼给小煤', '2023-01-07 11:16:59.500121');
INSERT INTO `record` VALUES (117, 107, 811, 1178, -100, '送100把小鬼给小煤', '2023-01-07 11:16:59.500121');
INSERT INTO `record` VALUES (118, 107, 811, 1178, -100, '送100把小鬼给小煤', '2023-01-07 11:16:59.500121');
INSERT INTO `record` VALUES (119, 107, 811, 1178, -100, '送100把小鬼给小煤', '2023-01-04 11:16:59.500121');
INSERT INTO `record` VALUES (120, 107, 811, 1178, -100, '送100把小鬼给小煤', '2023-01-04 11:16:59.500121');
INSERT INTO `record` VALUES (121, 107, 811, 1178, -100, '送100把小鬼给小煤', '2023-01-04 11:16:59.500121');
INSERT INTO `record` VALUES (122, 107, 811, 1178, -100, '送100把小鬼给小煤', '2023-01-04 11:16:59.500121');
INSERT INTO `record` VALUES (123, 107, 811, 1178, -100, '送100把小鬼给小煤', '2023-01-04 11:16:59.500121');
INSERT INTO `record` VALUES (124, 107, 811, 1178, -100, '送100把小鬼给小煤', '2023-01-04 11:16:59.500121');
INSERT INTO `record` VALUES (125, 107, 811, 1178, -100, '送100把小鬼给小煤', '2023-01-04 11:16:59.500121');
INSERT INTO `record` VALUES (126, 107, 811, 1178, -100, '送100把小鬼给小煤', '2023-01-04 11:16:59.500121');
INSERT INTO `record` VALUES (127, 107, 811, 1178, -100, '送100把小鬼给小煤', '2023-01-04 11:16:59.500121');
INSERT INTO `record` VALUES (128, 107, 811, 1178, -100, '送100把小鬼给小煤', '2023-01-04 11:16:59.500121');
INSERT INTO `record` VALUES (129, 107, 811, 1178, -100, '送100把小鬼给小煤', '2023-01-04 11:16:59.500121');
INSERT INTO `record` VALUES (130, 107, 811, 1178, -100, '送100把小鬼给小煤', '2023-01-04 11:16:59.500121');
INSERT INTO `record` VALUES (131, 107, 811, 1178, -100, '送100把小鬼给小煤', '2023-01-04 11:16:59.500121');
INSERT INTO `record` VALUES (132, 107, 811, 1178, -100, '送100把小鬼给小煤', '2023-01-04 11:16:59.500121');
INSERT INTO `record` VALUES (133, 107, 811, 1178, -100, '送100把小鬼给小煤', '2023-01-04 11:16:59.500121');
INSERT INTO `record` VALUES (134, 107, 811, 1178, -100, '送100把小鬼给小煤', '2023-01-04 11:16:59.500121');
INSERT INTO `record` VALUES (135, 107, 811, 1178, -100, '送100把小鬼给小煤', '2023-01-04 11:16:59.500121');
INSERT INTO `record` VALUES (136, 107, 811, 1178, -100, '送100把小鬼给小煤', '2023-01-04 11:16:59.500121');
INSERT INTO `record` VALUES (137, 107, 811, 1178, -100, '送100把小鬼给小煤', '2023-01-04 11:16:59.500121');
INSERT INTO `record` VALUES (138, 107, 811, 1178, -100, '送100把小鬼给小煤', '2023-01-04 11:16:59.500121');
INSERT INTO `record` VALUES (139, 107, 811, 1178, -100, '送100把小鬼给小煤', '2023-01-04 11:16:59.500121');
INSERT INTO `record` VALUES (140, 107, 811, 1178, -100, '送100把小鬼给小煤', '2023-01-04 11:16:59.500121');
INSERT INTO `record` VALUES (141, 107, 811, 1178, -100, '送100把小鬼给小煤', '2023-01-04 11:16:59.500121');
INSERT INTO `record` VALUES (142, 107, 811, 1178, -100, '送100把小鬼给小煤', '2023-01-04 11:16:59.500121');
INSERT INTO `record` VALUES (143, 107, 811, 1178, -100, '送100把小鬼给小煤', '2023-01-04 11:16:59.500121');
INSERT INTO `record` VALUES (144, 107, 811, 1178, -100, '送100把小鬼给小煤', '2023-01-04 11:16:59.500121');
INSERT INTO `record` VALUES (145, 107, 811, 1178, -100, '送100把小鬼给小煤', '2023-01-04 11:16:59.500121');
INSERT INTO `record` VALUES (146, 107, 811, 1178, -100, '送100把小鬼给小煤', '2023-01-04 11:16:59.500121');
INSERT INTO `record` VALUES (147, 107, 811, 1178, -100, '送100把小鬼给小煤', '2023-01-03 11:16:59.500121');
INSERT INTO `record` VALUES (148, 107, 811, 1178, -100, '送100把小鬼给小煤', '2023-01-03 11:16:59.500121');
INSERT INTO `record` VALUES (149, 107, 811, 1178, -100, '送100把小鬼给小煤', '2023-01-03 11:16:59.500121');
INSERT INTO `record` VALUES (150, 107, 811, 1178, -100, '送100把小鬼给小煤', '2023-01-03 11:16:59.500121');
INSERT INTO `record` VALUES (151, 107, 811, 1178, -100, '送100把小鬼给小煤', '2023-01-03 11:16:59.500121');
INSERT INTO `record` VALUES (152, 107, 811, 1178, -100, '送100把小鬼给小煤', '2023-01-03 11:16:59.500121');
INSERT INTO `record` VALUES (153, 107, 811, 1178, -100, '送100把小鬼给小煤', '2023-01-03 11:16:59.500121');
INSERT INTO `record` VALUES (154, 107, 811, 1178, -100, '送100把小鬼给小煤', '2023-01-02 11:16:59.500121');
INSERT INTO `record` VALUES (155, 107, 811, 1178, -100, '送100把小鬼给小煤', '2023-01-02 11:16:59.500121');
INSERT INTO `record` VALUES (156, 107, 811, 1178, -100, '送100把小鬼给小煤', '2023-01-02 11:16:59.500121');
INSERT INTO `record` VALUES (157, 107, 811, 1178, -100, '送100把小鬼给小煤', '2023-01-02 11:16:59.500121');
INSERT INTO `record` VALUES (158, 107, 811, 1178, -100, '送100把小鬼给小煤', '2023-01-02 11:16:59.500121');
INSERT INTO `record` VALUES (159, 107, 811, 1178, -100, '送100把小鬼给小煤', '2023-01-02 11:16:59.500121');
INSERT INTO `record` VALUES (160, 107, 811, 1178, -100, '送100把小鬼给小煤', '2023-01-02 11:16:59.500121');
INSERT INTO `record` VALUES (161, 107, 811, 1178, -100, '送100把小鬼给小煤', '2023-01-02 11:16:59.500121');
INSERT INTO `record` VALUES (162, 107, 811, 1178, -100, '送100把小鬼给小煤', '2023-01-02 11:16:59.500121');
INSERT INTO `record` VALUES (163, 107, 811, 1178, -100, '送100把小鬼给小煤', '2023-01-02 11:16:59.500121');
INSERT INTO `record` VALUES (164, 107, 811, 1178, -100, '送100把小鬼给小煤', '2023-01-02 11:16:59.500121');
INSERT INTO `record` VALUES (165, 107, 811, 1178, -100, '送100把小鬼给小煤', '2023-01-01 11:16:59.500121');
INSERT INTO `record` VALUES (166, 107, 811, 1178, -100, '送100把小鬼给小煤', '2023-01-01 11:16:59.500121');
INSERT INTO `record` VALUES (167, 107, 811, 1178, -100, '送100把小鬼给小煤', '2023-01-01 11:16:59.500121');
INSERT INTO `record` VALUES (168, 107, 811, 1178, -100, '送100把小鬼给小煤', '2023-01-01 11:16:59.500121');
INSERT INTO `record` VALUES (169, 107, 811, 1178, -100, '送100把小鬼给小煤', '2023-01-01 11:16:59.500121');
INSERT INTO `record` VALUES (170, 107, 811, 1178, -100, '送100把小鬼给小煤', '2023-01-01 11:16:59.500121');
INSERT INTO `record` VALUES (171, 107, 811, 1178, -100, '送100把小鬼给小煤', '2023-01-01 11:16:59.500121');
INSERT INTO `record` VALUES (172, 107, 811, 1178, -100, '送100把小鬼给小煤', '2023-01-01 11:16:59.500121');
INSERT INTO `record` VALUES (173, 107, 811, 1178, -100, '送100把小鬼给小煤', '2023-01-01 11:16:59.500121');
INSERT INTO `record` VALUES (174, 107, 811, 1178, -100, '送100把小鬼给小煤', '2023-01-01 11:16:59.500121');
INSERT INTO `record` VALUES (175, 107, 811, 1178, -100, '送100把小鬼给小煤', '2023-01-01 11:16:59.500121');
INSERT INTO `record` VALUES (176, 107, 811, 1178, -100, '送100把小鬼给小煤', '2023-01-01 11:16:59.500121');
INSERT INTO `record` VALUES (177, 107, 811, 1178, -100, '送100把小鬼给小煤', '2022-12-31 11:16:59.500121');
INSERT INTO `record` VALUES (178, 107, 811, 1178, -100, '送100把小鬼给小煤', '2022-12-31 11:16:59.500121');
INSERT INTO `record` VALUES (179, 107, 811, 1178, -100, '送100把小鬼给小煤', '2022-12-31 11:16:59.500121');
INSERT INTO `record` VALUES (180, 107, 811, 1178, -100, '送100把小鬼给小煤', '2022-12-31 11:16:59.500121');
INSERT INTO `record` VALUES (181, 107, 811, 1178, -100, '送100把小鬼给小煤', '2022-12-31 11:16:59.500121');
INSERT INTO `record` VALUES (182, 107, 811, 1178, -100, '送100把小鬼给小煤', '2022-12-31 11:16:59.500121');
INSERT INTO `record` VALUES (183, 107, 811, 1178, -100, '送100把小鬼给小煤', '2022-12-31 11:16:59.500121');
INSERT INTO `record` VALUES (184, 107, 811, 1178, -100, '送100把小鬼给小煤', '2022-12-31 11:16:59.500121');
INSERT INTO `record` VALUES (185, 107, 811, 1178, -100, '送100把小鬼给小煤', '2022-12-31 11:16:59.500121');
INSERT INTO `record` VALUES (186, 107, 811, 1178, -100, '送100把小鬼给小煤', '2022-12-31 11:16:59.500121');
INSERT INTO `record` VALUES (187, 107, 811, 1178, -100, '送100把小鬼给小煤', '2022-12-31 11:16:59.500121');
INSERT INTO `record` VALUES (188, 107, 811, 1178, -100, '送100把小鬼给小煤', '2022-12-30 11:16:59.500121');
INSERT INTO `record` VALUES (189, 107, 811, 1178, -100, '送100把小鬼给小煤', '2022-12-30 11:16:59.500121');
INSERT INTO `record` VALUES (190, 107, 811, 1178, -100, '送100把小鬼给小煤', '2022-12-30 11:16:59.500121');
INSERT INTO `record` VALUES (191, 107, 811, 1178, -100, '送100把小鬼给小煤', '2022-12-30 11:16:59.500121');
INSERT INTO `record` VALUES (192, 107, 811, 1178, -100, '送100把小鬼给小煤', '2022-12-30 11:16:59.500121');
INSERT INTO `record` VALUES (193, 107, 811, 1178, -100, '送100把小鬼给小煤', '2022-12-30 11:16:59.500121');
INSERT INTO `record` VALUES (194, 107, 811, 1178, -100, '送100把小鬼给小煤', '2022-12-30 11:16:59.500121');
INSERT INTO `record` VALUES (195, 107, 811, 1178, -100, '送100把小鬼给小煤', '2022-12-30 11:16:59.500121');
INSERT INTO `record` VALUES (196, 107, 811, 1178, -100, '送100把小鬼给小煤', '2022-12-30 11:16:59.500121');
INSERT INTO `record` VALUES (197, 107, 811, 1178, -100, '送100把小鬼给小煤', '2022-12-29 11:16:59.500121');
INSERT INTO `record` VALUES (198, 107, 811, 1178, -100, '送100把小鬼给小煤', '2022-12-29 11:16:59.500121');
INSERT INTO `record` VALUES (199, 107, 811, 1178, -100, '送100把小鬼给小煤', '2022-12-29 11:16:59.500121');
INSERT INTO `record` VALUES (200, 107, 811, 1178, -100, '送100把小鬼给小煤', '2022-12-29 11:16:59.500121');
INSERT INTO `record` VALUES (201, 107, 811, 1178, -100, '送100把小鬼给小煤', '2022-12-29 11:16:59.500121');
INSERT INTO `record` VALUES (202, 107, 811, 1178, -100, '送100把小鬼给小煤', '2022-12-29 11:16:59.500121');
INSERT INTO `record` VALUES (203, 107, 811, 1178, -100, '送100把小鬼给小煤', '2022-12-29 11:16:59.500121');
INSERT INTO `record` VALUES (204, 107, 811, 1178, -100, '送100把小鬼给小煤', '2022-12-29 11:16:59.500121');
INSERT INTO `record` VALUES (205, 107, 811, 1178, -100, '送100把小鬼给小煤', '2022-12-29 11:16:59.500121');
INSERT INTO `record` VALUES (206, 107, 811, 1178, -100, '送100把小鬼给小煤', '2022-12-28 11:16:59.500121');
INSERT INTO `record` VALUES (207, 107, 811, 1178, -100, '送100把小鬼给小煤', '2022-12-28 11:16:59.500121');
INSERT INTO `record` VALUES (208, 107, 811, 1178, -100, '送100把小鬼给小煤', '2022-12-28 11:16:59.500121');
INSERT INTO `record` VALUES (209, 107, 811, 1178, -100, '送100把小鬼给小煤', '2022-12-28 11:16:59.500121');
INSERT INTO `record` VALUES (210, 107, 811, 1178, -100, '送100把小鬼给小煤', '2022-12-28 11:16:59.500121');
INSERT INTO `record` VALUES (211, 107, 811, 1178, -100, '送100把小鬼给小煤', '2022-12-28 11:16:59.500121');
INSERT INTO `record` VALUES (212, 107, 811, 1178, -100, '送100把小鬼给小煤', '2022-12-28 11:16:59.500121');
INSERT INTO `record` VALUES (213, 107, 811, 1178, -100, '送100把小鬼给小煤', '2022-12-28 11:16:59.500121');
INSERT INTO `record` VALUES (214, 107, 811, 1178, -100, '送100把小鬼给小煤', '2022-12-27 11:16:59.500121');
INSERT INTO `record` VALUES (215, 107, 811, 1178, -100, '送100把小鬼给小煤', '2022-12-27 11:16:59.500121');
INSERT INTO `record` VALUES (216, 107, 811, 1178, -100, '送100把小鬼给小煤', '2022-12-26 11:16:59.500121');
INSERT INTO `record` VALUES (217, 107, 811, 1178, -100, '送100把小鬼给小煤', '2022-12-26 11:16:59.500121');
INSERT INTO `record` VALUES (218, 107, 811, 1178, -100, '送100把小鬼给小煤', '2022-12-26 11:16:59.500121');
INSERT INTO `record` VALUES (219, 107, 811, 1178, -100, '送100把小鬼给小煤', '2022-12-26 11:16:59.500121');
INSERT INTO `record` VALUES (220, 107, 811, 1178, -100, '送100把小鬼给小煤', '2022-12-25 11:16:59.500121');
INSERT INTO `record` VALUES (221, 107, 811, 1178, -100, '送100把小鬼给小煤', '2022-12-25 11:16:59.500121');
INSERT INTO `record` VALUES (222, 107, 811, 1178, -100, '送100把小鬼给小煤', '2022-12-25 11:16:59.500121');
INSERT INTO `record` VALUES (223, 107, 811, 1178, -100, '送100把小鬼给小煤', '2022-12-25 11:16:59.500121');
INSERT INTO `record` VALUES (224, 107, 811, 1178, -100, '送100把小鬼给小煤', '2022-12-25 11:16:59.500121');
INSERT INTO `record` VALUES (225, 107, 811, 1178, -100, '送100把小鬼给小煤', '2022-12-25 11:16:59.500121');
INSERT INTO `record` VALUES (226, 107, 811, 1178, -100, '送100把小鬼给小煤', '2022-12-25 11:16:59.500121');
INSERT INTO `record` VALUES (227, 107, 811, 1178, -100, '送100把小鬼给小煤', '2022-12-24 11:16:59.500121');
INSERT INTO `record` VALUES (228, 107, 811, 1178, -100, '送100把小鬼给小煤', '2022-12-24 11:16:59.500121');
INSERT INTO `record` VALUES (229, 107, 811, 1178, -100, '送100把小鬼给小煤', '2022-12-24 11:16:59.500121');
INSERT INTO `record` VALUES (230, 107, 811, 1178, -100, '送100把小鬼给小煤', '2022-12-24 11:16:59.500121');
INSERT INTO `record` VALUES (231, 107, 811, 1178, -100, '送100把小鬼给小煤', '2022-12-23 11:16:59.500121');
INSERT INTO `record` VALUES (232, 107, 811, 1178, -100, '送100把小鬼给小煤', '2022-12-23 11:16:59.500121');
INSERT INTO `record` VALUES (233, 107, 811, 1178, -100, '送100把小鬼给小煤', '2022-12-23 11:16:59.500121');
INSERT INTO `record` VALUES (234, 107, 811, 1178, -100, '送100把小鬼给小煤', '2022-12-23 11:16:59.500121');
INSERT INTO `record` VALUES (235, 107, 811, 1178, -100, '送100把小鬼给小煤', '2022-12-23 11:16:59.500121');
INSERT INTO `record` VALUES (236, 107, 811, 1178, -100, '送100把小鬼给小煤', '2022-12-23 11:16:59.500121');
INSERT INTO `record` VALUES (237, 107, 811, 1178, -100, '送100把小鬼给小煤', '2022-12-22 11:16:59.500121');
INSERT INTO `record` VALUES (238, 107, 811, 1178, -100, '送100把小鬼给小煤', '2022-12-22 11:16:59.500121');
INSERT INTO `record` VALUES (239, 107, 811, 1178, -100, '送100把小鬼给小煤', '2022-12-22 11:16:59.500121');
INSERT INTO `record` VALUES (240, 107, 811, 1178, -100, '送100把小鬼给小煤', '2022-12-22 11:16:59.500121');
INSERT INTO `record` VALUES (241, 107, 811, 1178, -100, '送100把小鬼给小煤', '2022-12-21 11:16:59.500121');
INSERT INTO `record` VALUES (242, 107, 811, 1178, -100, '送100把小鬼给小煤', '2022-12-21 11:16:59.500121');
INSERT INTO `record` VALUES (243, 107, 811, 1178, -100, '送100把小鬼给小煤', '2022-12-21 11:16:59.500121');
INSERT INTO `record` VALUES (244, 107, 811, 1178, -100, '送100把小鬼给小煤', '2022-12-21 11:16:59.500121');
INSERT INTO `record` VALUES (245, 107, 811, 1178, -100, '送100把小鬼给小煤', '2022-12-21 11:16:59.500121');
INSERT INTO `record` VALUES (246, 107, 811, 1178, -100, '送100把小鬼给小煤', '2022-12-21 11:16:59.500121');
INSERT INTO `record` VALUES (247, 107, 811, 1178, -100, '送100把小鬼给小煤', '2022-12-20 11:16:59.500121');
INSERT INTO `record` VALUES (248, 107, 811, 1178, -100, '送100把小鬼给小煤', '2022-12-20 11:16:59.500121');
INSERT INTO `record` VALUES (249, 107, 811, 1178, -100, '送100把小鬼给小煤', '2022-12-20 11:16:59.500121');
INSERT INTO `record` VALUES (250, 107, 811, 1178, -100, '送100把小鬼给小煤', '2022-12-20 11:16:59.500121');
INSERT INTO `record` VALUES (251, 107, 811, 1178, -100, '送100把小鬼给小煤', '2022-12-20 11:16:59.500121');
INSERT INTO `record` VALUES (252, 107, 811, 1178, -100, '送100把小鬼给小煤', '2022-12-20 11:16:59.500121');
INSERT INTO `record` VALUES (253, 107, 811, 1178, -100, '送100把小鬼给小煤', '2022-12-19 11:16:59.500121');
INSERT INTO `record` VALUES (254, 107, 811, 1178, -100, '送100把小鬼给小煤', '2022-12-19 11:16:59.500121');
INSERT INTO `record` VALUES (255, 107, 811, 1178, -100, '送100把小鬼给小煤', '2022-12-19 11:16:59.500121');
INSERT INTO `record` VALUES (256, 107, 811, 1178, -100, '送100把小鬼给小煤', '2022-12-19 11:16:59.500121');
INSERT INTO `record` VALUES (257, 107, 811, 1178, -100, '送100把小鬼给小煤', '2022-12-19 11:16:59.500121');
INSERT INTO `record` VALUES (258, 107, 811, 1178, -100, '送100把小鬼给小煤', '2022-12-19 11:16:59.500121');
INSERT INTO `record` VALUES (259, 107, 811, 1178, -100, '送100把小鬼给小煤', '2022-12-19 11:16:59.500121');
INSERT INTO `record` VALUES (260, 107, 811, 1178, -100, '送100把小鬼给小煤', '2022-12-18 11:16:59.500121');
INSERT INTO `record` VALUES (261, 107, 811, 1178, -100, '送100把小鬼给小煤', '2022-12-18 11:16:59.500121');
INSERT INTO `record` VALUES (262, 107, 811, 1178, -100, '送100把小鬼给小煤', '2022-12-18 11:16:59.500121');
INSERT INTO `record` VALUES (263, 107, 811, 1178, -100, '送100把小鬼给小煤', '2022-12-18 11:16:59.500121');
INSERT INTO `record` VALUES (264, 107, 811, 1178, -100, '送100把小鬼给小煤', '2022-12-18 11:16:59.500121');
INSERT INTO `record` VALUES (265, 107, 811, 1178, -100, '送100把小鬼给小煤', '2022-12-17 11:16:59.500121');
INSERT INTO `record` VALUES (266, 107, 811, 1178, -100, '送100把小鬼给小煤', '2022-12-17 11:16:59.500121');
INSERT INTO `record` VALUES (267, 107, 811, 1178, -100, '送100把小鬼给小煤', '2022-12-17 11:16:59.500121');
INSERT INTO `record` VALUES (268, 107, 811, 1178, -100, '送100把小鬼给小煤', '2022-12-17 11:16:59.500121');
INSERT INTO `record` VALUES (269, 107, 811, 1178, -100, '送100把小鬼给小煤', '2022-12-16 11:16:59.500121');
INSERT INTO `record` VALUES (270, 107, 811, 1178, -100, '送100把小鬼给小煤', '2022-12-16 11:16:59.500121');
INSERT INTO `record` VALUES (271, 107, 811, 1178, -100, '送100把小鬼给小煤', '2022-12-16 11:16:59.500121');
INSERT INTO `record` VALUES (272, 107, 811, 1178, -100, '送100把小鬼给小煤', '2022-12-15 11:16:59.500121');
INSERT INTO `record` VALUES (273, 107, 811, 1178, -100, '送100把小鬼给小煤', '2022-12-15 11:16:59.500121');
INSERT INTO `record` VALUES (274, 107, 811, 1178, -100, '送100把小鬼给小煤', '2022-12-15 11:16:59.500121');
INSERT INTO `record` VALUES (275, 107, 811, 1178, -100, '送100把小鬼给小煤', '2022-12-15 11:16:59.500121');
INSERT INTO `record` VALUES (276, 107, 811, 1178, -100, '送100把小鬼给小煤', '2022-12-15 11:16:59.500121');
INSERT INTO `record` VALUES (277, 107, 811, 1178, -100, '送100把小鬼给小煤', '2022-12-15 11:16:59.500121');
INSERT INTO `record` VALUES (278, 107, 811, 1178, -100, '送100把小鬼给小煤', '2022-12-14 11:16:59.500121');
INSERT INTO `record` VALUES (279, 107, 811, 1178, -100, '送100把小鬼给小煤', '2022-12-14 11:16:59.500121');
INSERT INTO `record` VALUES (280, 107, 811, 1178, -100, '送100把小鬼给小煤', '2022-12-13 11:16:59.500121');
INSERT INTO `record` VALUES (281, 107, 811, 1178, -100, '送100把小鬼给小煤', '2022-12-13 11:16:59.500121');
INSERT INTO `record` VALUES (282, 107, 811, 1178, -100, '送100把小鬼给小煤', '2022-12-12 11:16:59.500121');
INSERT INTO `record` VALUES (283, 107, 811, 1178, -100, '送100把小鬼给小煤', '2022-12-12 11:16:59.500121');
INSERT INTO `record` VALUES (284, 107, 811, 1178, -100, '送100把小鬼给小煤', '2022-12-11 11:16:59.500121');
INSERT INTO `record` VALUES (285, 107, 811, 1178, -100, '送100把小鬼给小煤', '2022-12-11 11:16:59.500121');
INSERT INTO `record` VALUES (286, 107, 811, 1178, -100, '送100把小鬼给小煤', '2022-12-11 11:16:59.500121');
INSERT INTO `record` VALUES (287, 107, 811, 1178, -100, '送100把小鬼给小煤', '2022-12-10 11:16:59.500121');
INSERT INTO `record` VALUES (288, 107, 811, 1178, -100, '送100把小鬼给小煤', '2022-12-10 11:16:59.500121');
INSERT INTO `record` VALUES (289, 107, 811, 1178, 100, '小煤送了100把小鬼我', '2022-12-10 11:16:59.500121');
INSERT INTO `record` VALUES (290, 107, 811, 1178, 100, '小煤送了100把小鬼我', '2022-12-10 11:16:59.500121');
INSERT INTO `record` VALUES (291, 107, 811, 1178, 100, '小煤送了100把小鬼我', '2022-12-10 11:16:59.500121');
INSERT INTO `record` VALUES (292, 107, 811, 1178, 100, '小煤送了100把小鬼我', '2022-12-10 11:16:59.500121');
INSERT INTO `record` VALUES (293, 107, 811, 1178, 100, '小煤送了100把小鬼我', '2022-12-11 11:16:59.500121');
INSERT INTO `record` VALUES (294, 107, 811, 1178, 100, '小煤送了100把小鬼我', '2022-12-11 11:16:59.500121');
INSERT INTO `record` VALUES (295, 107, 811, 1178, 100, '小煤送了100把小鬼我', '2022-12-11 11:16:59.500121');
INSERT INTO `record` VALUES (296, 107, 811, 1178, 100, '小煤送了100把小鬼我', '2022-12-11 11:16:59.500121');
INSERT INTO `record` VALUES (297, 107, 811, 1178, 100, '小煤送了100把小鬼我', '2022-12-10 11:16:59.500121');
INSERT INTO `record` VALUES (298, 107, 811, 1178, 100, '小煤送了100把小鬼我', '2022-12-12 11:16:59.500121');
INSERT INTO `record` VALUES (299, 107, 811, 1178, 100, '小煤送了100把小鬼我', '2022-12-13 11:16:59.500121');
INSERT INTO `record` VALUES (300, 107, 811, 1178, 100, '小煤送了100把小鬼我', '2022-12-14 11:16:59.500121');
INSERT INTO `record` VALUES (301, 107, 811, 1178, 100, '小煤送了100把小鬼我', '2022-12-14 11:16:59.500121');
INSERT INTO `record` VALUES (302, 107, 811, 1178, 100, '小煤送了100把小鬼我', '2022-12-14 11:16:59.500121');
INSERT INTO `record` VALUES (303, 107, 811, 1178, 100, '小煤送了100把小鬼我', '2022-12-14 11:16:59.500121');
INSERT INTO `record` VALUES (304, 107, 811, 1178, 100, '小煤送了100把小鬼我', '2022-12-14 11:16:59.500121');
INSERT INTO `record` VALUES (305, 107, 811, 1178, 100, '小煤送了100把小鬼我', '2022-12-14 11:16:59.500121');
INSERT INTO `record` VALUES (306, 107, 811, 1178, 100, '小煤送了100把小鬼我', '2022-12-14 11:16:59.500121');
INSERT INTO `record` VALUES (307, 107, 811, 1178, 100, '小煤送了100把小鬼我', '2022-12-15 11:16:59.500121');
INSERT INTO `record` VALUES (308, 107, 811, 1178, 100, '小煤送了100把小鬼我', '2022-12-15 11:16:59.500121');
INSERT INTO `record` VALUES (309, 107, 811, 1178, 100, '小煤送了100把小鬼我', '2022-12-15 11:16:59.500121');
INSERT INTO `record` VALUES (310, 107, 811, 1178, 100, '小煤送了100把小鬼我', '2022-12-15 11:16:59.500121');
INSERT INTO `record` VALUES (311, 107, 811, 1178, 100, '小煤送了100把小鬼我', '2022-12-15 11:16:59.500121');
INSERT INTO `record` VALUES (312, 107, 811, 1178, 100, '小煤送了100把小鬼我', '2022-12-15 11:16:59.500121');
INSERT INTO `record` VALUES (313, 107, 811, 1178, 100, '小煤送了100把小鬼我', '2022-12-16 11:16:59.500121');
INSERT INTO `record` VALUES (314, 107, 811, 1178, 100, '小煤送了100把小鬼我', '2022-12-16 11:16:59.500121');
INSERT INTO `record` VALUES (315, 107, 811, 1178, 100, '小煤送了100把小鬼我', '2022-12-16 11:16:59.500121');
INSERT INTO `record` VALUES (316, 107, 811, 1178, 100, '小煤送了100把小鬼我', '2022-12-16 11:16:59.500121');
INSERT INTO `record` VALUES (317, 107, 811, 1178, 100, '小煤送了100把小鬼我', '2022-12-16 11:16:59.500121');
INSERT INTO `record` VALUES (318, 107, 811, 1178, 100, '小煤送了100把小鬼我', '2022-12-17 11:16:59.500121');
INSERT INTO `record` VALUES (319, 107, 811, 1178, 100, '小煤送了100把小鬼我', '2022-12-17 11:16:59.500121');
INSERT INTO `record` VALUES (320, 107, 811, 1178, 100, '小煤送了100把小鬼我', '2022-12-17 11:16:59.500121');
INSERT INTO `record` VALUES (321, 107, 811, 1178, 100, '小煤送了100把小鬼我', '2022-12-17 11:16:59.500121');
INSERT INTO `record` VALUES (322, 107, 811, 1178, 100, '小煤送了100把小鬼我', '2022-12-18 11:16:59.500121');
INSERT INTO `record` VALUES (323, 107, 811, 1178, 100, '小煤送了100把小鬼我', '2022-12-19 11:16:59.500121');
INSERT INTO `record` VALUES (324, 107, 811, 1178, 100, '小煤送了100把小鬼我', '2022-12-19 11:16:59.500121');
INSERT INTO `record` VALUES (325, 107, 811, 1178, 100, '小煤送了100把小鬼我', '2022-12-20 11:16:59.500121');
INSERT INTO `record` VALUES (326, 107, 811, 1178, 100, '小煤送了100把小鬼我', '2022-12-20 11:16:59.500121');
INSERT INTO `record` VALUES (327, 107, 811, 1178, 100, '小煤送了100把小鬼我', '2022-12-21 11:16:59.500121');
INSERT INTO `record` VALUES (328, 107, 811, 1178, 100, '小煤送了100把小鬼我', '2022-12-22 11:16:59.500121');
INSERT INTO `record` VALUES (329, 107, 811, 1178, 100, '小煤送了100把小鬼我', '2022-12-22 11:16:59.500121');
INSERT INTO `record` VALUES (330, 107, 811, 1178, 100, '小煤送了100把小鬼我', '2022-12-22 11:16:59.500121');
INSERT INTO `record` VALUES (331, 107, 811, 1178, 100, '小煤送了100把小鬼我', '2022-12-22 11:16:59.500121');
INSERT INTO `record` VALUES (332, 107, 811, 1178, 100, '小煤送了100把小鬼我', '2022-12-22 11:16:59.500121');
INSERT INTO `record` VALUES (333, 107, 811, 1178, 100, '小煤送了100把小鬼我', '2022-12-22 11:16:59.500121');
INSERT INTO `record` VALUES (334, 107, 811, 1178, 100, '小煤送了100把小鬼我', '2022-12-22 11:16:59.500121');
INSERT INTO `record` VALUES (335, 107, 811, 1178, 100, '小煤送了100把小鬼我', '2022-12-22 11:16:59.500121');
INSERT INTO `record` VALUES (336, 107, 811, 1178, 100, '小煤送了100把小鬼我', '2022-12-22 11:16:59.500121');
INSERT INTO `record` VALUES (337, 107, 811, 1178, 100, '小煤送了100把小鬼我', '2022-12-22 11:16:59.500121');
INSERT INTO `record` VALUES (338, 107, 811, 1178, 100, '小煤送了100把小鬼我', '2022-12-22 11:16:59.500121');
INSERT INTO `record` VALUES (339, 107, 811, 1178, 100, '小煤送了100把小鬼我', '2022-12-22 11:16:59.500121');
INSERT INTO `record` VALUES (340, 107, 811, 1178, 100, '小煤送了100把小鬼我', '2022-12-22 11:16:59.500121');
INSERT INTO `record` VALUES (341, 107, 811, 1178, 100, '小煤送了100把小鬼我', '2022-12-22 11:16:59.500121');
INSERT INTO `record` VALUES (342, 107, 811, 1178, 100, '小煤送了100把小鬼我', '2022-12-22 11:16:59.500121');
INSERT INTO `record` VALUES (343, 107, 811, 1178, 100, '小煤送了100把小鬼我', '2022-12-22 11:16:59.500121');
INSERT INTO `record` VALUES (344, 107, 811, 1178, 100, '小煤送了100把小鬼我', '2022-12-23 11:16:59.500121');
INSERT INTO `record` VALUES (345, 107, 811, 1178, 100, '小煤送了100把小鬼我', '2022-12-23 11:16:59.500121');
INSERT INTO `record` VALUES (346, 107, 811, 1178, 100, '小煤送了100把小鬼我', '2022-12-23 11:16:59.500121');
INSERT INTO `record` VALUES (347, 107, 811, 1178, 100, '小煤送了100把小鬼我', '2022-12-23 11:16:59.500121');
INSERT INTO `record` VALUES (348, 107, 811, 1178, 100, '小煤送了100把小鬼我', '2022-12-23 11:16:59.500121');
INSERT INTO `record` VALUES (349, 107, 811, 1178, 100, '小煤送了100把小鬼我', '2022-12-23 11:16:59.500121');
INSERT INTO `record` VALUES (350, 107, 811, 1178, 100, '小煤送了100把小鬼我', '2022-12-23 11:16:59.500121');
INSERT INTO `record` VALUES (351, 107, 811, 1178, 100, '小煤送了100把小鬼我', '2022-12-23 11:16:59.500121');
INSERT INTO `record` VALUES (352, 107, 811, 1178, 100, '小煤送了100把小鬼我', '2022-12-23 11:16:59.500121');
INSERT INTO `record` VALUES (353, 107, 811, 1178, 100, '小煤送了100把小鬼我', '2022-12-23 11:16:59.500121');
INSERT INTO `record` VALUES (354, 107, 811, 1178, 100, '小煤送了100把小鬼我', '2022-12-23 11:16:59.500121');
INSERT INTO `record` VALUES (355, 107, 811, 1178, 100, '小煤送了100把小鬼我', '2022-12-24 11:16:59.500121');
INSERT INTO `record` VALUES (356, 107, 811, 1178, 100, '小煤送了100把小鬼我', '2022-12-24 11:16:59.500121');
INSERT INTO `record` VALUES (357, 107, 811, 1178, 100, '小煤送了100把小鬼我', '2022-12-24 11:16:59.500121');
INSERT INTO `record` VALUES (358, 107, 811, 1178, 100, '小煤送了100把小鬼我', '2022-12-24 11:16:59.500121');
INSERT INTO `record` VALUES (359, 107, 811, 1178, 100, '小煤送了100把小鬼我', '2022-12-24 11:16:59.500121');
INSERT INTO `record` VALUES (360, 107, 811, 1178, 100, '小煤送了100把小鬼我', '2022-12-24 11:16:59.500121');
INSERT INTO `record` VALUES (361, 107, 811, 1178, 100, '小煤送了100把小鬼我', '2022-12-24 11:16:59.500121');
INSERT INTO `record` VALUES (362, 107, 811, 1178, 100, '小煤送了100把小鬼我', '2022-12-24 11:16:59.500121');
INSERT INTO `record` VALUES (363, 107, 811, 1178, 100, '小煤送了100把小鬼我', '2022-12-24 11:16:59.500121');
INSERT INTO `record` VALUES (364, 107, 811, 1178, 100, '小煤送了100把小鬼我', '2022-12-24 11:16:59.500121');
INSERT INTO `record` VALUES (365, 107, 811, 1178, 100, '小煤送了100把小鬼我', '2022-12-24 11:16:59.500121');
INSERT INTO `record` VALUES (366, 107, 811, 1178, 100, '小煤送了100把小鬼我', '2022-12-24 11:16:59.500121');
INSERT INTO `record` VALUES (367, 107, 811, 1178, 100, '小煤送了100把小鬼我', '2022-12-25 11:16:59.500121');
INSERT INTO `record` VALUES (368, 107, 811, 1178, 100, '小煤送了100把小鬼我', '2022-12-25 11:16:59.500121');
INSERT INTO `record` VALUES (369, 107, 811, 1178, 100, '小煤送了100把小鬼我', '2022-12-25 11:16:59.500121');
INSERT INTO `record` VALUES (370, 107, 811, 1178, 100, '小煤送了100把小鬼我', '2022-12-26 11:16:59.500121');
INSERT INTO `record` VALUES (371, 107, 811, 1178, 100, '小煤送了100把小鬼我', '2022-12-26 11:16:59.500121');
INSERT INTO `record` VALUES (372, 107, 811, 1178, 100, '小煤送了100把小鬼我', '2022-12-26 11:16:59.500121');
INSERT INTO `record` VALUES (373, 107, 811, 1178, 100, '小煤送了100把小鬼我', '2022-12-27 11:16:59.500121');
INSERT INTO `record` VALUES (374, 107, 811, 1178, 100, '小煤送了100把小鬼我', '2022-12-27 11:16:59.500121');
INSERT INTO `record` VALUES (375, 107, 811, 1178, 100, '小煤送了100把小鬼我', '2022-12-27 11:16:59.500121');
INSERT INTO `record` VALUES (376, 107, 811, 1178, 100, '小煤送了100把小鬼我', '2022-12-27 11:16:59.500121');
INSERT INTO `record` VALUES (377, 107, 811, 1178, 100, '小煤送了100把小鬼我', '2022-12-27 11:16:59.500121');
INSERT INTO `record` VALUES (378, 107, 811, 1178, 100, '小煤送了100把小鬼我', '2022-12-28 11:16:59.500121');
INSERT INTO `record` VALUES (379, 107, 811, 1178, 100, '小煤送了100把小鬼我', '2022-12-28 11:16:59.500121');
INSERT INTO `record` VALUES (380, 107, 811, 1178, 100, '小煤送了100把小鬼我', '2022-12-28 11:16:59.500121');
INSERT INTO `record` VALUES (381, 107, 811, 1178, 100, '小煤送了100把小鬼我', '2022-12-29 11:16:59.500121');
INSERT INTO `record` VALUES (382, 107, 811, 1178, 100, '小煤送了100把小鬼我', '2022-12-29 11:16:59.500121');
INSERT INTO `record` VALUES (383, 107, 811, 1178, 100, '小煤送了100把小鬼我', '2022-12-30 11:16:59.500121');
INSERT INTO `record` VALUES (384, 107, 811, 1178, 100, '小煤送了100把小鬼我', '2022-12-30 11:16:59.500121');
INSERT INTO `record` VALUES (385, 107, 811, 1178, 100, '小煤送了100把小鬼我', '2022-12-30 11:16:59.500121');
INSERT INTO `record` VALUES (386, 107, 811, 1178, 100, '小煤送了100把小鬼我', '2022-12-31 11:16:59.500121');
INSERT INTO `record` VALUES (387, 107, 811, 1178, 100, '小煤送了100把小鬼我', '2022-12-31 11:16:59.500121');
INSERT INTO `record` VALUES (388, 107, 811, 1178, 100, '小煤送了100把小鬼我', '2023-01-01 11:16:59.500121');
INSERT INTO `record` VALUES (389, 107, 811, 1178, 100, '小煤送了100把小鬼我', '2023-01-01 11:16:59.500121');
INSERT INTO `record` VALUES (390, 107, 811, 1178, 100, '小煤送了100把小鬼我', '2023-01-01 11:16:59.500121');
INSERT INTO `record` VALUES (391, 107, 811, 1178, 100, '小煤送了100把小鬼我', '2023-01-01 11:16:59.500121');
INSERT INTO `record` VALUES (392, 107, 811, 1178, 100, '小煤送了100把小鬼我', '2023-01-02 11:16:59.500121');
INSERT INTO `record` VALUES (393, 107, 811, 1178, 100, '小煤送了100把小鬼我', '2023-01-02 11:16:59.500121');
INSERT INTO `record` VALUES (394, 107, 811, 1178, 100, '小煤送了100把小鬼我', '2023-01-03 11:16:59.500121');
INSERT INTO `record` VALUES (395, 107, 811, 1178, 100, '小煤送了100把小鬼我', '2023-01-03 11:16:59.500121');
INSERT INTO `record` VALUES (396, 107, 811, 1178, 100, '小煤送了100把小鬼我', '2023-01-03 11:16:59.500121');
INSERT INTO `record` VALUES (397, 107, 811, 1178, 100, '小煤送了100把小鬼我', '2023-01-03 11:16:59.500121');
INSERT INTO `record` VALUES (398, 107, 811, 1178, 100, '小煤送了100把小鬼我', '2023-01-04 11:16:59.500121');
INSERT INTO `record` VALUES (399, 107, 811, 1178, 100, '小煤送了100把小鬼我', '2023-01-04 11:16:59.500121');
INSERT INTO `record` VALUES (400, 107, 811, 1178, 100, '小煤送了100把小鬼我', '2023-01-04 11:16:59.500121');
INSERT INTO `record` VALUES (401, 107, 811, 1178, 100, '小煤送了100把小鬼我', '2023-01-04 11:16:59.500121');
INSERT INTO `record` VALUES (402, 107, 811, 1178, 100, '小煤送了100把小鬼我', '2023-01-05 11:16:59.500121');
INSERT INTO `record` VALUES (403, 107, 811, 1178, 100, '小煤送了100把小鬼我', '2023-01-05 11:16:59.500121');
INSERT INTO `record` VALUES (404, 107, 811, 1178, 100, '小煤送了100把小鬼我', '2023-01-05 11:16:59.500121');
INSERT INTO `record` VALUES (405, 107, 811, 1178, 100, '小煤送了100把小鬼我', '2023-01-05 11:16:59.500121');
INSERT INTO `record` VALUES (406, 107, 811, 1178, 100, '小煤送了100把小鬼我', '2023-01-06 11:16:59.500121');
INSERT INTO `record` VALUES (407, 107, 811, 1178, 100, '小煤送了100把小鬼我', '2023-01-06 11:16:59.500121');
INSERT INTO `record` VALUES (408, 107, 811, 1178, 100, '小煤送了100把小鬼我', '2023-01-06 11:16:59.500121');
INSERT INTO `record` VALUES (409, 107, 811, 1178, 100, '小煤送了100把小鬼我', '2023-01-06 11:16:59.500121');
INSERT INTO `record` VALUES (410, 107, 811, 1178, 100, '小煤送了100把小鬼我', '2023-01-07 11:16:59.500121');
INSERT INTO `record` VALUES (411, 107, 811, 1178, 100, '小煤送了100把小鬼我', '2023-01-07 11:16:59.500121');
INSERT INTO `record` VALUES (412, 107, 811, 1178, 100, '小煤送了100把小鬼我', '2023-01-07 11:16:59.500121');
INSERT INTO `record` VALUES (413, 107, 811, 1178, 100, '小煤送了100把小鬼我', '2023-01-08 11:16:59.500121');
INSERT INTO `record` VALUES (414, 107, 811, 1178, 100, '小煤送了100把小鬼我', '2023-01-08 11:16:59.500121');
INSERT INTO `record` VALUES (415, 107, 811, 1178, 100, '小煤送了100把小鬼我', '2023-01-08 11:16:59.500121');
INSERT INTO `record` VALUES (416, 107, 811, 1178, 100, '小煤送了100把小鬼我', '2023-01-08 11:16:59.500121');
INSERT INTO `record` VALUES (417, 107, 811, 1178, 100, '小煤送了100把小鬼我', '2023-01-08 11:16:59.500121');
INSERT INTO `record` VALUES (418, 107, 811, 1178, 100, '小煤送了100把小鬼我', '2023-01-09 11:16:59.500121');
INSERT INTO `record` VALUES (419, 107, 811, 1178, 100, '小煤送了100把小鬼我', '2023-01-09 11:16:59.500121');
INSERT INTO `record` VALUES (420, 107, 811, 1178, 100, '小煤送了100把小鬼我', '2023-01-09 11:16:59.500121');
INSERT INTO `record` VALUES (421, 107, 811, 1178, 100, '小煤送了100把小鬼我', '2023-01-09 11:16:59.500121');
INSERT INTO `record` VALUES (422, 107, 811, 1178, 100, '小煤送了100把小鬼我', '2023-01-09 11:16:59.500121');
INSERT INTO `record` VALUES (423, 107, 811, 1178, 100, '小煤送了100把小鬼我', '2023-01-09 11:16:59.500121');
INSERT INTO `record` VALUES (424, 107, 811, 1178, 100, '小煤送了100把小鬼我', '2023-01-10 11:16:59.500121');
INSERT INTO `record` VALUES (425, 107, 811, 1178, 100, '小煤送了100把小鬼我', '2023-01-10 11:16:59.500121');
INSERT INTO `record` VALUES (426, 107, 811, 1178, 100, '小煤送了100把小鬼我', '2023-01-10 11:16:59.500121');
INSERT INTO `record` VALUES (427, 107, 811, 1178, 100, '小煤送了100把小鬼我', '2023-01-10 11:16:59.500121');
INSERT INTO `record` VALUES (428, 107, 811, 1178, 100, '小煤送了100把小鬼我', '2023-01-10 11:16:59.500121');
INSERT INTO `record` VALUES (429, 107, 811, 1178, 100, '小煤送了100把小鬼我', '2023-01-11 11:16:59.500121');
INSERT INTO `record` VALUES (430, 107, 811, 1178, 100, '小煤送了100把小鬼我', '2023-01-11 11:16:59.500121');
INSERT INTO `record` VALUES (431, 107, 811, 1178, 100, '小煤送了100把小鬼我', '2023-01-11 11:16:59.500121');
INSERT INTO `record` VALUES (432, 107, 811, 1178, 100, '小煤送了100把小鬼我', '2023-01-11 11:16:59.500121');
INSERT INTO `record` VALUES (433, 107, 811, 1178, 100, '小煤送了100把小鬼我', '2023-01-11 11:16:59.500121');
INSERT INTO `record` VALUES (434, 105, 1, 2, 200, '进货', '2023-01-12 11:04:04.834000');
INSERT INTO `record` VALUES (435, 110, 1, 1178, -54, '测试', '2023-01-12 13:45:42.405000');
INSERT INTO `record` VALUES (436, 110, 1, 2, 31, '测试', '2023-01-12 13:46:30.245000');
INSERT INTO `record` VALUES (437, 110, 683, 2, -33, '886', '2023-01-13 09:45:38.831000');
INSERT INTO `record` VALUES (438, 110, 1, 2, 54, 'qqqq', '2023-01-13 15:51:31.188000');
INSERT INTO `record` VALUES (439, 110, 1, 2, 23, 'dada', '2023-01-13 22:46:18.814000');
INSERT INTO `record` VALUES (440, 109, 1, 2, -34, 'dadad', '2023-01-14 00:40:12.438000');
INSERT INTO `record` VALUES (441, 105, 1, 2, -200, '出售', '2023-01-16 09:30:26.983000');
INSERT INTO `record` VALUES (442, 105, 1, 1180, 500, '库存不足，进货', '2023-01-16 09:30:57.964000');
INSERT INTO `record` VALUES (443, 105, 683, 2, 300, '进货', '2023-01-17 08:37:31.288000');
INSERT INTO `record` VALUES (444, 105, 789, 2, -200, '淘宝售出', '2023-01-17 08:39:08.722000');
INSERT INTO `record` VALUES (445, 105, 1, 2, -500, '售出', '2023-01-27 20:06:12.238000');

-- ----------------------------
-- Table structure for storage
-- ----------------------------
DROP TABLE IF EXISTS `storage`;
CREATE TABLE `storage`  (
  `id` int(200) NOT NULL AUTO_INCREMENT COMMENT '主键',
  `name` varchar(100) CHARACTER SET utf8 COLLATE utf8_general_ci NOT NULL COMMENT '仓库名',
  `remark` varchar(1000) CHARACTER SET utf8 COLLATE utf8_general_ci NULL DEFAULT NULL COMMENT '备注',
  `create_date` datetime(6) NULL DEFAULT NULL,
  `update_date` datetime(6) NULL DEFAULT NULL,
  PRIMARY KEY (`id`) USING BTREE
) ENGINE = InnoDB AUTO_INCREMENT = 35 CHARACTER SET = utf8 COLLATE = utf8_general_ci ROW_FORMAT = Dynamic;

-- ----------------------------
-- Records of storage
-- ----------------------------
INSERT INTO `storage` VALUES (31, '花都金龙仓', '', '2023-01-06 09:41:02.250443', '2023-01-06 09:41:52.563335');
INSERT INTO `storage` VALUES (32, '花都金秀仓', '', '2023-01-06 09:41:17.656048', '2023-01-06 09:41:46.748009');
INSERT INTO `storage` VALUES (33, '番禺繁华仓', '', '2023-01-06 09:41:28.006240', '2023-01-06 09:41:39.871737');
INSERT INTO `storage` VALUES (34, '天河总部大仓', '', '2023-01-06 09:42:28.493115', '2023-01-06 09:42:28.493115');

-- ----------------------------
-- Table structure for user
-- ----------------------------
DROP TABLE IF EXISTS `user`;
CREATE TABLE `user`  (
  `id` int(11) NOT NULL AUTO_INCREMENT COMMENT '主键',
  `no` varchar(20) CHARACTER SET utf8 COLLATE utf8_general_ci NULL DEFAULT NULL COMMENT '账号',
  `name` varchar(100) CHARACTER SET utf8 COLLATE utf8_general_ci NOT NULL COMMENT '名字',
  `password` varchar(20) CHARACTER SET utf8 COLLATE utf8_general_ci NOT NULL COMMENT '密码',
  `age` int(11) NULL DEFAULT NULL COMMENT '年龄',
  `sex` int(11) NULL DEFAULT NULL COMMENT '性别   0：女  1：男',
  `phone` varchar(20) CHARACTER SET utf8 COLLATE utf8_general_ci NULL DEFAULT NULL COMMENT '电话',
  `role_id` int(11) NULL DEFAULT NULL COMMENT '角色 0超级管理员，1管理员，2用户',
  `is_disabled` int(11) NULL DEFAULT NULL COMMENT '是否冻结{0:激活；1:冻结}',
  `create_date` datetime(6) NULL DEFAULT NULL,
  `update_date` datetime(6) NULL DEFAULT NULL,
  PRIMARY KEY (`id`) USING BTREE
) ENGINE = InnoDB AUTO_INCREMENT = 1181 CHARACTER SET = utf8 COLLATE = utf8_general_ci ROW_FORMAT = Dynamic;

-- ----------------------------
-- Records of user
-- ----------------------------
INSERT INTO `user` VALUES (1, 'big', '超级管理员', 'mei', 23, 1, '15776276232', 0, 0, '2022-12-14 00:13:21.000000', '2022-12-16 20:07:04.000000');
INSERT INTO `user` VALUES (2, 'admin', '陈小煤', 'mei', 21, 0, '15667676767', 1, 0, '2022-12-14 00:13:21.000000', '2023-01-04 15:42:10.004327');
INSERT INTO `user` VALUES (683, 'kunkun', '鲲鲲', 'ikun', 69, 999, '15656565656', 2, 0, '2022-12-21 11:50:19.000000', '2023-01-06 10:21:29.512735');
INSERT INTO `user` VALUES (695, 'Jean', '孟嘉伦', 'DzE7KFrcgO', 43, 0, '15656565656', 2, 1, '2022-12-21 05:48:55.000000', '2022-12-21 03:15:15.000000');
INSERT INTO `user` VALUES (697, 'Peggy', '尹子异', 'gzeUgm6NZd', 67, 0, '15656565656', 2, 0, '2022-12-21 07:00:27.000000', '2022-12-21 09:56:20.000000');
INSERT INTO `user` VALUES (700, 'Cindy', '向杰宏', 'zFSXHjgZ5l', 76, 0, '15656565656', 2, 1, '2022-12-21 16:09:02.000000', '2023-01-06 10:21:29.488103');
INSERT INTO `user` VALUES (708, 'Wayne', '韩岚', 'm16xA5ucSW', 57, 1, '15656565656', 2, 1, '2022-12-21 17:04:07.000000', '2023-01-06 10:21:29.487099');
INSERT INTO `user` VALUES (709, 'Emma', '徐致远', '1mCIWG7Nxd', 46, 1, '15656565656', 2, 1, '2022-12-21 23:25:10.000000', '2022-12-21 17:40:17.000000');
INSERT INTO `user` VALUES (710, 'Edith', '黄秀英', '8WxYUvUhFp', 33, 0, '15656565656', 2, 0, '2022-12-21 06:46:56.000000', '2022-12-21 06:01:33.000000');
INSERT INTO `user` VALUES (713, 'lkndwknd', '余嘉伦', 'SWErxWlih8', 35, 1, '15656565656', 2, 1, '2022-12-21 20:58:50.000000', '2023-01-06 10:21:29.459701');
INSERT INTO `user` VALUES (714, 'Andrew', '邱詩涵', 'dtvqHzwXja', 12, 0, '15656565656', 2, 1, '2022-12-21 13:41:21.000000', '2023-01-06 10:21:29.502623');
INSERT INTO `user` VALUES (718, 'Susan', '郝子异', 'C2GosIopsJ', 27, 0, '15656565656', 2, 1, '2022-12-21 10:10:57.000000', '2023-01-06 10:21:29.530545');
INSERT INTO `user` VALUES (722, 'Randy', '苏詩涵', 'Zjt4Sm1YjE', 50, 0, '15656565656', 2, 1, '2022-12-21 22:45:34.000000', '2023-01-06 10:21:29.438741');
INSERT INTO `user` VALUES (733, 'Randall', '薛震南', 'NR1AhCNaVZ', 63, 1, '15656565656', 2, 1, '2022-12-21 07:03:15.000000', '2023-01-06 10:21:29.561553');
INSERT INTO `user` VALUES (735, 'Timothy', '刘璐', 'RvS76r2O8d', 69, 0, '15656565656', 2, 1, '2022-12-21 23:39:27.000000', '2022-12-21 01:38:30.000000');
INSERT INTO `user` VALUES (742, 'Jonathan', '陶詩涵', 'ebgahz3O7u', 17, 1, '15656565656', 2, 1, '2022-12-21 20:35:40.000000', '2023-01-06 10:21:29.461703');
INSERT INTO `user` VALUES (745, 'Louise', '朱云熙', '32Hf9TE8DY', 31, 0, '15656565656', 2, 1, '2022-12-21 07:40:38.000000', '2023-01-06 10:21:29.558553');
INSERT INTO `user` VALUES (750, 'Carlos', '黎云熙', 'mXnYHBBby0', 30, 0, '15656565656', 2, 1, '2022-12-21 13:52:51.000000', '2023-01-06 10:21:29.502623');
INSERT INTO `user` VALUES (752, 'Carolyn', '沈震南', 'awAdX7PDNr', 33, 0, '15656565656', 2, 1, '2022-12-21 15:11:38.000000', '2023-01-06 10:21:29.495613');
INSERT INTO `user` VALUES (755, 'Shannon', '谢子韬', 'nK3pXJqZL3', 34, 1, '15656565656', 2, 1, '2022-12-21 09:59:18.000000', '2023-01-06 10:21:29.534551');
INSERT INTO `user` VALUES (771, 'Norma', '蔡晓明', 'tq1U3UFp5T', 57, 1, '15656565656', 2, 1, '2022-12-21 17:27:12.000000', '2023-01-06 10:21:29.482577');
INSERT INTO `user` VALUES (772, 'Michael', '邹秀英', '4PH9xoNLxO', 75, 1, '15656565656', 2, 1, '2022-12-21 10:29:35.000000', '2023-01-06 10:21:29.527546');
INSERT INTO `user` VALUES (783, 'Dennis', '王詩涵', 'Mw1XMxGb4q', 30, 0, '15656565656', 2, 1, '2022-12-21 11:17:11.000000', '2023-01-06 10:21:29.518546');
INSERT INTO `user` VALUES (788, 'Travis', '宋云熙', '6sjU5yraSa', 74, 1, '15656565656', 2, 1, '2022-12-21 09:26:36.000000', '2023-01-06 10:21:29.542549');
INSERT INTO `user` VALUES (789, 'ding', '丁睿', 'ding', 37, 1, '15656565656', 2, 0, '2022-12-21 05:43:45.000000', '2022-12-21 01:47:48.000000');
INSERT INTO `user` VALUES (796, 'Edward', '严安琪', 'GjA5E2Oicv', 43, 0, '15656565656', 2, 1, '2022-12-21 07:50:37.000000', '2023-01-06 10:21:29.550554');
INSERT INTO `user` VALUES (798, 'Esther', '郝震南', 'vZVMpDScy6', 53, 0, '15656565656', 2, 1, '2022-12-21 07:42:14.000000', '2023-01-06 10:21:29.555554');
INSERT INTO `user` VALUES (799, 'Florence', '吴子异', 'anlwaPaFmj', 49, 1, '15656565656', 2, 0, '2022-12-21 04:24:57.000000', '2022-12-21 02:29:21.000000');
INSERT INTO `user` VALUES (801, 'Ricky', '赵秀英', '7QxYg0laKi', 23, 0, '15656565656', 2, 1, '2022-12-21 10:57:31.000000', '2023-01-06 10:21:29.524963');
INSERT INTO `user` VALUES (810, 'Johnny', '戴致远', 'gNEYzGrEtT', 32, 1, '15656565656', 2, 1, '2022-12-21 14:37:12.000000', '2023-01-06 10:21:29.497622');
INSERT INTO `user` VALUES (811, 'Carl', '魏詩涵', 'RxvR8lsP4b', 29, 0, '15656565656', 2, 0, '2022-12-21 05:55:44.000000', '2022-12-21 03:09:11.000000');
INSERT INTO `user` VALUES (814, 'Brandon', '杜云熙', '80HfbfpUqA', 60, 1, '15656565656', 2, 1, '2022-12-21 07:35:27.000000', '2023-01-06 10:21:29.558553');
INSERT INTO `user` VALUES (815, 'Phyllis', '侯子韬', 'XEh6zW3D6m', 58, 1, '15656565656', 2, 0, '2022-12-21 05:42:20.000000', '2022-12-21 18:10:45.000000');
INSERT INTO `user` VALUES (820, 'Manuel', '于璐', 'dlW91BQ1jF', 31, 1, '15656565656', 2, 1, '2022-12-21 10:58:14.000000', '2023-01-06 10:21:29.523547');
INSERT INTO `user` VALUES (823, 'Pamela', '汤子异', 'OsLVgyrNSk', 65, 1, '15656565656', 2, 1, '2022-12-21 11:01:58.000000', '2023-01-06 10:21:29.519545');
INSERT INTO `user` VALUES (825, 'Justin', '向晓明', 'nzuZjCE4sp', 21, 0, '15656565656', 2, 1, '2022-12-21 16:24:29.000000', '2023-01-06 10:21:29.487099');
INSERT INTO `user` VALUES (830, 'Jerry', '马晓明', '1OWRDXbj5T', 18, 0, '15656565656', 2, 1, '2022-12-21 20:20:38.000000', '2023-01-06 10:21:29.462702');
INSERT INTO `user` VALUES (833, 'Dorothy', '蒋安琪', 'TfqV0KlMUY', 19, 1, '15656565656', 2, 1, '2022-12-21 22:28:14.000000', '2023-01-06 10:21:29.461703');
INSERT INTO `user` VALUES (835, 'Charles', '戴子韬', 'wzwvXXp4je', 17, 0, '15656565656', 2, 1, '2022-12-21 09:17:16.000000', '2023-01-06 10:21:29.542549');
INSERT INTO `user` VALUES (837, 'Jacob', '向子异', 'a3Q42B38WK', 73, 1, '15656565656', 2, 1, '2022-12-21 10:41:08.000000', '2023-01-06 10:21:29.527546');
INSERT INTO `user` VALUES (844, 'Sara', '罗嘉伦', 'AJJPuCfgnD', 55, 1, '15656565656', 2, 0, '2022-12-21 06:41:21.000000', '2022-12-21 09:52:59.000000');
INSERT INTO `user` VALUES (848, 'deddef', '高嘉伦', 'K4Lk2zPWPF', 66, 1, '15656565656', 2, 1, '2022-12-21 20:07:23.000000', '2023-01-06 10:21:29.469705');
INSERT INTO `user` VALUES (852, 'Tracy', '戴宇宁', 't3OgSJvta0', 65, 0, '15656565656', 2, 1, '2022-12-21 22:24:29.000000', '2023-01-06 10:21:29.439745');
INSERT INTO `user` VALUES (855, 'Carmen', '陈安琪', 'R2ZGjwc2IV', 59, 0, '15656565656', 2, 0, '2022-12-21 06:35:04.000000', '2022-12-21 18:06:14.000000');
INSERT INTO `user` VALUES (857, 'Clara', '侯秀英', 'QP20lGMC6v', 43, 1, '15656565656', 2, 1, '2022-12-21 20:53:57.000000', '2023-01-06 10:21:29.461703');
INSERT INTO `user` VALUES (858, 'Alan', '余子韬', 'PCiLGEWXKN', 45, 1, '15656565656', 2, 1, '2022-12-21 07:05:17.000000', '2023-01-06 10:21:29.558553');
INSERT INTO `user` VALUES (864, 'William', '周震南', 'gAEDWaauTy', 55, 1, '15656565656', 2, 1, '2022-12-21 10:01:53.000000', '2023-01-06 10:21:29.535549');
INSERT INTO `user` VALUES (867, 'Judy', '雷岚', 'fp8KdTj0bN', 35, 1, '15656565656', 2, 1, '2022-12-21 21:52:17.000000', '2023-01-06 10:21:29.453701');
INSERT INTO `user` VALUES (870, 'Kelly', '杨杰宏', 'poefQAvOfP', 24, 0, '15656565656', 2, 0, '2022-12-21 05:54:49.000000', '2022-12-21 19:00:31.000000');
INSERT INTO `user` VALUES (873, 'Bobby', '袁詩涵', 'yef6NEuP1D', 71, 0, '15656565656', 2, 1, '2022-12-21 09:44:41.000000', '2023-01-06 10:21:29.535549');
INSERT INTO `user` VALUES (895, 'Jane', '周睿', '8KfPKTNRFB', 69, 1, '15656565656', 2, 1, '2022-12-21 22:44:52.000000', '2023-01-06 10:21:29.452701');
INSERT INTO `user` VALUES (897, 'Lori', '贺云熙', 'YeCT5TB2lU', 35, 0, '15656565656', 2, 0, '2022-12-21 05:41:53.000000', '2022-12-21 10:16:01.000000');
INSERT INTO `user` VALUES (900, 'Emily', '胡杰宏', 'QOjfpTzDmp', 52, 1, '15656565656', 2, 1, '2022-12-21 14:59:16.000000', '2023-01-06 10:21:29.495613');
INSERT INTO `user` VALUES (901, 'Joseph', '黎睿', 'VwaEzoixn4', 55, 0, '15656565656', 2, 1, '2022-12-21 15:08:54.000000', '2023-01-06 10:21:29.495613');
INSERT INTO `user` VALUES (902, 'Martin', '钱云熙', '9q5ydzRSCw', 38, 0, '15656565656', 2, 1, '2022-12-21 19:26:02.000000', '2023-01-06 10:21:29.469705');
INSERT INTO `user` VALUES (904, 'Kevin', '唐致远', 'wy8uWkargo', 23, 0, '15656565656', 2, 1, '2022-12-21 16:29:25.000000', '2023-01-06 10:21:29.487099');
INSERT INTO `user` VALUES (907, 'Jamie', '金宇宁', 'Ky7dXCCC8e', 66, 0, '15656565656', 2, 1, '2022-12-21 10:14:27.000000', '2023-01-06 10:21:29.529548');
INSERT INTO `user` VALUES (909, 'Theodore', '侯璐', 'w0VPYWIDvo', 16, 0, '15656565656', 2, 1, '2022-12-21 12:22:11.000000', '2023-01-06 10:21:29.509735');
INSERT INTO `user` VALUES (921, 'Willie', '冯致远', '5ZMNN4Apc4', 44, 1, '15656565656', 2, 1, '2022-12-21 11:22:09.000000', '2023-01-06 10:21:29.518546');
INSERT INTO `user` VALUES (922, 'Margaret', '萧安琪', '3pvFFpA6OR', 67, 1, '15656565656', 2, 1, '2022-12-21 08:10:03.000000', '2023-01-06 10:21:29.550554');
INSERT INTO `user` VALUES (924, 'Dawn', '杜安琪', 'YHhEvtOKBz', 15, 1, '15656565656', 2, 1, '2022-12-21 22:51:43.000000', '2023-01-06 10:21:29.438741');
INSERT INTO `user` VALUES (925, 'Stephen', '段嘉伦', 'HHN1fL52zJ', 56, 1, '15656565656', 2, 0, '2022-12-21 05:02:02.000000', '2022-12-21 12:00:27.000000');
INSERT INTO `user` VALUES (926, 'Lucille', '汪岚', 'xaH7NyNd05', 45, 0, '15656565656', 2, 1, '2022-12-21 07:39:55.000000', '2023-01-06 10:21:29.558553');
INSERT INTO `user` VALUES (928, 'Earl', '林致远', 'msg8z4k9f3', 20, 1, '15656565656', 2, 1, '2022-12-21 13:43:25.000000', '2023-01-06 10:21:29.502623');
INSERT INTO `user` VALUES (930, 'Eric', '方宇宁', 'ZIcUbQ4mxW', 38, 1, '15656565656', 2, 1, '2022-12-21 07:26:38.000000', '2023-01-06 10:21:29.558553');
INSERT INTO `user` VALUES (934, 'Joshua', '彭嘉伦', 'nb4y2IGhO8', 31, 0, '15656565656', 2, 1, '2022-12-21 10:50:04.000000', '2023-01-06 10:21:29.527546');
INSERT INTO `user` VALUES (936, 'Anthony', '卢秀英', 'unxpI8KJmg', 54, 0, '15656565656', 2, 1, '2022-12-21 09:06:39.000000', '2023-01-06 10:21:29.542549');
INSERT INTO `user` VALUES (937, 'Stephanie', '唐子异', 'fl0cIpi9Tp', 38, 0, '15656565656', 2, 1, '2022-12-21 22:00:46.000000', '2023-01-06 10:21:29.452701');
INSERT INTO `user` VALUES (943, 'Chad', '史睿', 'b9rOzrzEFm', 28, 1, '15656565656', 2, 1, '2022-12-21 08:18:57.000000', '2023-01-06 10:21:29.549552');
INSERT INTO `user` VALUES (959, 'Eleanor', '邱秀英', 'ZLJQFxCJZK', 41, 0, '15656565656', 2, 1, '2022-12-21 12:23:41.000000', '2023-01-06 10:21:29.509735');
INSERT INTO `user` VALUES (962, 'Antonio', '曹致远', 'bfoBN08CLH', 15, 1, '15656565656', 2, 1, '2022-12-21 18:08:42.000000', '2023-01-06 10:21:29.479573');
INSERT INTO `user` VALUES (968, 'Thelma', '蔡安琪', 'pprc8BQnO0', 72, 1, '15656565656', 2, 0, '2022-12-21 06:59:58.000000', '2022-12-21 08:36:40.000000');
INSERT INTO `user` VALUES (970, 'Virginia', '许宇宁', 'LRMMHHk9eW', 50, 1, '15656565656', 2, 1, '2022-12-21 19:30:05.000000', '2023-01-06 10:21:29.469705');
INSERT INTO `user` VALUES (972, 'Marcus', '朱子韬', 'ORjLQuQ6sY', 31, 1, '15656565656', 2, 1, '2022-12-21 21:46:27.000000', '2023-01-06 10:21:29.453701');
INSERT INTO `user` VALUES (974, 'Anne', '史致远', 'W8UsVazeDp', 58, 0, '15656565656', 2, 1, '2022-12-21 20:13:08.000000', '2023-01-06 10:21:29.468702');
INSERT INTO `user` VALUES (980, 'Albert', '罗云熙', '1nsdUFgd1j', 65, 1, '15656565656', 2, 0, '2022-12-21 05:44:38.000000', '2022-12-21 20:32:11.000000');
INSERT INTO `user` VALUES (983, 'Maria', '袁子异', 'Fe2qbCZ3s7', 21, 1, '15656565656', 2, 1, '2022-12-21 08:53:35.000000', '2023-01-06 10:21:29.544549');
INSERT INTO `user` VALUES (994, 'April', '戴云熙', 'BPGlh2mOF3', 55, 1, '15656565656', 2, 1, '2022-12-21 17:15:28.000000', '2023-01-06 10:21:29.485089');
INSERT INTO `user` VALUES (996, 'Robin', '戴睿', 'LgxlzmEgxe', 24, 1, '15656565656', 2, 0, '2022-12-21 05:14:56.000000', '2022-12-21 03:38:39.000000');
INSERT INTO `user` VALUES (998, 'Janice', '严岚', 'pV4uqO3dK1', 75, 0, '15656565656', 2, 1, '2022-12-21 20:18:23.000000', '2023-01-06 10:21:29.465702');
INSERT INTO `user` VALUES (1004, 'Ruby', '陈杰宏', 'HlIm2bfgxf', 44, 0, '15656565656', 2, 1, '2022-12-21 15:20:02.000000', '2023-01-06 10:21:29.494102');
INSERT INTO `user` VALUES (1008, 'Ellen', '周杰宏', 'MSKtaK5V0F', 74, 1, '15656565656', 2, 1, '2022-12-21 20:08:41.000000', '2023-01-06 10:21:29.469705');
INSERT INTO `user` VALUES (1009, 'Daniel', '阎睿', 'MQ4uojXlm1', 75, 1, '15656565656', 2, 1, '2022-12-21 09:39:23.000000', '2023-01-06 10:21:29.534551');
INSERT INTO `user` VALUES (1012, 'Carol', '汪睿', 'FKKABS65eh', 31, 1, '15656565656', 2, 1, '2022-12-21 08:35:44.000000', '2023-01-06 10:21:29.549552');
INSERT INTO `user` VALUES (1018, 'Rosa', '熊致远', '2l7ikYaM6o', 42, 0, '15656565656', 2, 0, '2022-12-21 06:20:13.000000', '2022-12-21 10:36:21.000000');
INSERT INTO `user` VALUES (1021, 'Ethel', '周子韬', 'S0FVbDrHRD', 40, 1, '15656565656', 2, 1, '2022-12-21 22:07:37.000000', '2023-01-06 10:21:29.452701');
INSERT INTO `user` VALUES (1023, 'Micheal', '崔睿', 'BwtjA3ezjx', 32, 1, '15656565656', 2, 0, '2022-12-21 05:14:59.000000', '2022-12-21 03:11:02.000000');
INSERT INTO `user` VALUES (1026, 'Mario', '邱宇宁', 'n5KP01pKMq', 60, 1, '15656565656', 2, 0, '2022-12-21 03:51:54.000000', '2022-12-21 14:53:40.000000');
INSERT INTO `user` VALUES (1032, 'Sarah', '莫安琪', 't8a0Is5TXI', 20, 0, '15656565656', 2, 1, '2022-12-21 13:16:54.000000', '2023-01-06 10:21:29.506624');
INSERT INTO `user` VALUES (1037, 'Brenda', '常嘉伦', '74qTRaJVDk', 38, 0, '15656565656', 2, 1, '2022-12-21 14:43:00.000000', '2023-01-06 10:21:29.495613');
INSERT INTO `user` VALUES (1039, 'Ryan', '魏秀英', '7F6jd371oK', 46, 0, '15656565656', 2, 1, '2022-12-21 11:46:06.000000', '2023-01-06 10:21:29.518546');
INSERT INTO `user` VALUES (1044, 'Sherry', '程杰宏', 'V0O0aZoYvo', 60, 0, '15656565656', 2, 1, '2022-12-21 09:30:53.000000', '2023-01-06 10:21:29.537549');
INSERT INTO `user` VALUES (1046, 'Henry', '马杰宏', 'bIemngr2cl', 13, 0, '15656565656', 2, 1, '2022-12-21 18:25:06.000000', '2023-01-06 10:21:29.479573');
INSERT INTO `user` VALUES (1062, 'Laura', '顾睿', 'B1V1qetSdB', 47, 1, '15656565656', 2, 0, '2022-12-21 04:47:20.000000', '2022-12-21 19:41:28.000000');
INSERT INTO `user` VALUES (1063, 'Janet', '孟云熙', 'uLExqAKfsE', 32, 1, '15656565656', 2, 1, '2022-12-21 07:46:20.000000', '2023-01-06 10:21:29.550554');
INSERT INTO `user` VALUES (1068, 'Amber', '马秀英', 'tKlMlS3qbg', 59, 1, '15656565656', 2, 1, '2022-12-21 21:30:28.000000', '2023-01-06 10:21:29.455703');
INSERT INTO `user` VALUES (1071, 'Jeffery', '苏子韬', 'gS2NVRgkhN', 57, 1, '15656565656', 2, 1, '2022-12-21 18:01:51.000000', '2023-01-06 10:21:29.479573');
INSERT INTO `user` VALUES (1076, 'Martha', '贾杰宏', 'n9Gs87IQsy', 49, 1, '15656565656', 2, 1, '2022-12-21 22:14:08.000000', '2023-01-06 10:21:29.442951');
INSERT INTO `user` VALUES (1087, 'Nicholas', '邹宇宁', 'Vpz7u49fNa', 23, 1, '15656565656', 2, 1, '2022-12-21 22:22:25.000000', '2023-01-06 10:21:29.441745');
INSERT INTO `user` VALUES (1092, 'Eva', '尹宇宁', 'nlLFHwFh1T', 61, 1, '15656565656', 2, 1, '2022-12-21 16:40:44.000000', '2023-01-06 10:21:29.487099');
INSERT INTO `user` VALUES (1093, 'Howard', '胡晓明', 'U2dCY10FR7', 46, 1, '15656565656', 2, 0, '2022-12-21 04:23:03.000000', '2022-12-21 11:14:22.000000');
INSERT INTO `user` VALUES (1095, 'Clifford', '梁睿', 'kXKb4Qjz9v', 34, 0, '15656565656', 2, 1, '2022-12-21 14:13:26.000000', '2023-01-06 10:21:29.502623');
INSERT INTO `user` VALUES (1097, 'Paula', '熊杰宏', 'w00fNUT6U1', 27, 0, '15656565656', 2, 1, '2022-12-21 12:02:02.000000', '2023-01-06 10:21:29.509735');
INSERT INTO `user` VALUES (1103, 'Richard', '侯云熙', '7hwN6V1mPb', 30, 1, '15656565656', 2, 1, '2022-12-21 07:42:35.000000', '2023-01-06 10:21:29.550554');
INSERT INTO `user` VALUES (1104, 'Julie', '阎璐', 'ODUdFjxynu', 25, 1, '15656565656', 2, 1, '2022-12-21 19:02:45.000000', '2023-01-06 10:21:29.476572');
INSERT INTO `user` VALUES (1106, 'Anna', '叶晓明', 'HKQaDjgGxH', 40, 1, '15656565656', 2, 1, '2022-12-21 08:42:43.000000', '2023-01-06 10:21:29.544549');
INSERT INTO `user` VALUES (1107, 'Ernest', '阎嘉伦', 'KK1NMKVC25', 20, 0, '15656565656', 2, 1, '2022-12-21 14:16:13.000000', '2023-01-06 10:21:29.502623');
INSERT INTO `user` VALUES (1116, 'Jose', '薛杰宏', 'BcEOlkL3Qz', 58, 1, '15656565656', 2, 1, '2022-12-21 11:39:45.000000', '2023-01-06 10:21:29.518546');
INSERT INTO `user` VALUES (1119, 'Alfred', '常致远', 'pSNxZMJ4mu', 54, 1, '15656565656', 2, 1, '2022-12-21 10:54:24.000000', '2023-01-06 10:21:29.527546');
INSERT INTO `user` VALUES (1120, 'Kathy', '石宇宁', 'aylStMKByH', 41, 1, '15656565656', 2, 1, '2022-12-21 11:47:47.000000', '2023-01-06 10:21:29.516545');
INSERT INTO `user` VALUES (1123, 'Shawn', '蒋震南', 'VQXZgd70Sa', 45, 1, '15656565656', 2, 1, '2022-12-21 19:19:57.000000', '2023-01-06 10:21:29.471705');
INSERT INTO `user` VALUES (1130, 'Jeremy', '严晓明', 'eeoDVgFE6S', 13, 1, '15656565656', 2, 0, '2022-12-21 06:58:28.000000', '2022-12-21 16:15:25.000000');
INSERT INTO `user` VALUES (1132, 'Shirley', '高云熙', 'CUYRh1cxGz', 75, 1, '15656565656', 2, 1, '2022-12-21 09:33:37.000000', '2023-01-06 10:21:29.537549');
INSERT INTO `user` VALUES (1133, 'Glenn', '邹致远', 'vVCDh4qcv5', 63, 1, '15656565656', 2, 1, '2022-12-21 14:30:38.000000', '2023-01-06 10:21:29.500623');
INSERT INTO `user` VALUES (1140, 'Lawrence', '吴子韬', '9xNEqklb8N', 61, 0, '15656565656', 2, 1, '2022-12-21 18:19:25.000000', '2023-01-06 10:21:29.479573');
INSERT INTO `user` VALUES (1145, 'Jack', '吴宇宁', '4cXeNIHqSj', 30, 0, '15656565656', 2, 0, '2022-12-21 04:35:46.000000', '2022-12-21 20:09:56.000000');
INSERT INTO `user` VALUES (1147, 'Gladys', '汪子韬', 'h5EwIIN9Kv', 71, 0, '15656565656', 2, 1, '2022-12-21 12:04:02.000000', '2023-01-06 10:21:29.509735');
INSERT INTO `user` VALUES (1152, 'Melvin', '许杰宏', 'aW2W1fKEQx', 29, 0, '15656565656', 2, 1, '2022-12-21 20:25:20.000000', '2023-01-06 10:21:29.461703');
INSERT INTO `user` VALUES (1153, 'Marie', '何宇宁', 'twvoXhiyZN', 66, 1, '15656565656', 2, 1, '2022-12-21 18:08:26.000000', '2023-01-06 10:21:29.479573');
INSERT INTO `user` VALUES (1156, 'Ronald', '钱宇宁', 'HlX4yiEdxj', 50, 0, '15656565656', 2, 1, '2022-12-21 09:03:08.000000', '2023-01-06 10:21:29.542549');
INSERT INTO `user` VALUES (1159, 'Joyce', '史秀英', 'HcAPN4YHcb', 47, 1, '15656565656', 2, 0, '2022-12-21 05:22:44.000000', '2022-12-21 15:41:56.000000');
INSERT INTO `user` VALUES (1160, 'Barbara', '丁詩涵', '1iMr1FRx9g', 61, 0, '15656565656', 2, 1, '2022-12-21 15:23:03.000000', '2023-01-06 10:21:29.491102');
INSERT INTO `user` VALUES (1164, 'Julia', '钟子异', 'tugGV4UMnz', 66, 0, '15656565656', 2, 0, '2022-12-21 06:54:06.000000', '2022-12-21 14:32:38.000000');
INSERT INTO `user` VALUES (1165, 'Mary', '顾宇宁', 'gKnbb2WSil', 61, 1, '15656565656', 2, 1, '2022-12-21 22:09:54.000000', '2023-01-06 10:21:29.449699');
INSERT INTO `user` VALUES (1171, 'Rachel', '董云熙', 'MTUqaIgN20', 25, 0, '15656565656', 2, 1, '2022-12-21 12:32:39.000000', '2023-01-06 10:21:29.509735');
INSERT INTO `user` VALUES (1172, 'Bernard', '马嘉伦', 'Qp3xu2EQGm', 61, 1, '15656565656', 2, 1, '2022-12-21 22:22:25.000000', '2023-01-06 10:21:29.440743');
INSERT INTO `user` VALUES (1178, 'dabo', '李大波', 'dabo', 22, 1, '15656565653', 1, 1, '2023-01-04 14:08:01.760944', '2023-01-14 00:39:45.034000');
INSERT INTO `user` VALUES (1179, 'dale', '李大叻', 'dale', 1, 1, '15656565656', 1, 1, '2023-01-04 14:10:27.461745', '2023-01-14 00:39:45.032000');
INSERT INTO `user` VALUES (1180, 'xiaole', '陈小叻', 'xiaole', 1, 0, '15656565656', 1, 0, '2023-01-04 14:10:48.560762', '2023-01-04 15:43:19.818959');

SET FOREIGN_KEY_CHECKS = 1;
